종목코드,종목명,종가,대비,등락률,EPS,PER,BPS,PBR,주당배당금,배당수익률
"037730","3R ","16700","0","0.00","988","16.90",,,"0","0.00"
"036360","3SOFT ","2610","40","1.56","164","15.91",,,"0","0.00"
"005760","ACTS ","1160","150","14.85",,,,,"0","0.00"
"001460","BYC ","64000","6700","11.69","25683","2.49",,,"500","0.78"
"001465","BYC(1우) ","32200","-1200","-3.59",,,,,"550","1.71"
"019430","CBF기술투자 ","570","10","1.79","28","20.36",,,"0","0.00"
"035760","CJ39쇼핑 ","38650","2700","7.51","1304","29.64",,,"0","0.00"
"051500","CJ푸드시스템 ","9380","230","2.51","1914","4.90",,,"0","0.00"
"014820","EASTEL ","3150","120","3.96","689","4.57",,,"125","3.97"
"014825","EASTEL(1우) ","1710","50","3.01",,,,,"130","7.60"
"014827","EASTEL(2우B) ","7000","100","1.45",,,,,"75","1.07"
"037370","EG ","3890","10","0.26","612","6.36",,,"0","0.00"
"001370","FNC코오롱 ","7320","520","7.65",,,,,"0","0.00"
"001375","FNC코오롱(1우) ","4545","590","14.92",,,,,"0","0.00"
"014040","GPS ","2820","-5","-0.18",,,,,"0","0.00"
"014045","GPS(1우B) ","6000","400","7.14",,,,,"0","0.00"
"053870","GT&T ","4140","80","1.97","506","8.18",,,"0","0.00"
"004020","INI스틸 ","4010","60","1.52","706","5.68",,,"100","2.49"
"004025","INI스틸(1우B) ","3370","-80","-2.32",,,,,"0","0.00"
"017300","KDS ","560","40","7.69","209","2.68",,,"30","5.36"
"006200","KEC ","25200","700","2.86","4601","5.48",,,"750","2.98"
"046810","KEPS ","2290","-10","-0.43","359","6.38",,,"0","0.00"
"008480","KEP전자 ","3045","395","14.91","235","12.96",,,"0","0.00"
"008485","KEP전자(1우B) ","2880","375","14.97",,,,,"0","0.00"
"018590","KNC ","1330","170","14.66","22","60.45",,,"10","0.75"
"030210","KTB네트워크 ","4385","185","4.40","3113","1.41",,,"600","13.68"
"032390","KTF ","43700","900","2.10","813","53.75",,,"0","0.00"
"003550","LGCI ","8130","-70","-0.85","18806","0.43",,,"750","9.23"
"003555","LGCI(1우) ","5600","-10","-0.18",,,,,"800","14.29"
"017940","LG가스 ","13600","-150","-1.09","2463","5.52",,,"1250","9.19"
"006360","LG건설 ","14400","300","2.13","2457","5.86",,,"600","4.17"
"016990","LG마이크론 ","15000","-300","-1.96","3677","4.08",,,"0","0.00"
"010120","LG산전 ","1990","30","1.53",,,,,"0","0.00"
"001120","LG상사 ","3850","-80","-2.04","546","7.05",,,"400","10.39"
"051900","LG생활건강 ","29500","600","2.08",,,,,"0","0.00"
"051905","LG생활건강(1우) ","13200","-300","-2.22",,,,,"0","0.00"
"012990","LG석유화학 ","8830","-100","-1.12","1639","5.39",,,"750","8.49"
"035000","LG애드 ","15550","550","3.67","1760","8.84",,,"200","1.29"
"006260","LG전선 ","14550","150","1.04","2739","5.31",,,"750","5.15"
"002610","LG전자 ","25900","1100","4.44","4431","5.85",,,"1000","3.86"
"002615","LG전자(1우) ","12500","-100","-0.79",,,,,"1050","8.40"
"032640","LG텔레콤 ","8400","160","1.94",,,,,"0","0.00"
"005940","LG투자증권 ","15700","800","5.37",,,,,"0","0.00"
"005945","LG투자증권(1우) ","8460","280","3.42",,,,,"0","0.00"
"028150","LG홈쇼핑 ","83600","5000","6.36","4027","20.76",,,"0","0.00"
"002550","LG화재 ","4340","140","3.33",,,,,"0","0.00"
"051910","LG화학 ","22000","250","1.15",,,,,"0","0.00"
"051915","LG화학(1우) ","10100","-900","-8.18",,,,,"0","0.00"
"026260","M플러스텍 ","980","50","5.38",,,,,"0","0.00"
"008260","NI테크 ","5140","20","0.39",,,,,"0","0.00"
"007700","NSF ","3190","-20","-0.62","1452","2.20",,,"100","3.13"
"010950","S-Oil ","22050","150","0.68","58","380.17",,,"2500","11.34"
"010955","S-Oil(1우) ","18000","0","0.00",,,,,"2550","14.17"
"034120","SBS ","42200","700","1.69","2724","15.49",,,"0","0.00"
"009160","SIMPAC ","5210","-50","-0.95","642","8.12",,,"0","0.00"
"025530","SJM ","4075","-125","-2.98","502","8.12",,,"125","3.07"
"003600","SK ","14900","-50","-0.33","1228","12.13",,,"600","4.03"
"003605","SK(1우) ","8150","-50","-0.61",,,,,"650","7.98"
"011790","SKC ","11900","0","0.00","172","69.19",,,"0","0.00"
"018670","SK가스 ","12000","-200","-1.64","1948","6.16",,,"1250","10.42"
"001740","SK글로벌 ","8600","140","1.65","616","13.96",,,"150","1.74"
"001745","SK글로벌(1우) ","4015","-25","-0.62",,,,,"200","4.98"
"001510","SK증권 ","2470","80","3.35","16","154.38",,,"0","0.00"
"001515","SK증권(1우) ","4150","0","0.00",,,,,"0","0.00"
"006120","SK케미칼 ","7170","170","2.43","1094","6.55",,,"350","4.88"
"006125","SK케미칼(1우) ","4010","-40","-0.99",,,,,"400","9.98"
"017670","SK텔레콤 ","272500","4500","1.68","10899","25.00",,,"540","0.20"
"007050","SNG21 ","11700","0","0.00","206","56.80",,,"150","1.28"
"036540","STS반도체 ","5890","630","11.98","981","6.00",,,"0","0.00"
"011810","STX ","3530","-35","-0.98","178","19.83",,,"0","0.00"
"011815","STX(1우) (락)","45500","4450","10.84",,,,,"0","0.00"
"016600","TG벤처 ","4000","90","2.30","2140","1.87",,,"0","0.00"
"048770","TPC ","3300","110","3.45","299","11.04",,,"0","0.00"
"033190","VON ","2140","-40","-1.83","16","133.75",,,"0","0.00"
"024070","WISCOM ","3000","-80","-2.60","1652","1.82",,,"150","5.00"
"016170","YBM서울 ","2970","110","3.85","306","9.71",,,"0","0.00"
"040300","YTN ","3120","50","1.63","27","115.56",,,"0","0.00"
"008780","i 인프라 ","1290","60","4.88","233","5.54",,,"0","0.00"
"054150","가드텍 ","29600","1600","5.71","1209","24.48",,,"0","0.00"
"040610","가로수닷컴 ","2610","10","0.38","317","8.23",,,"0","0.00"
"042570","가야전자 ","7300","100","1.39","550","13.27",,,"0","0.00"
"017050","가오닉스 ","3730","280","8.12",,,,,"0","0.00"
"030270","가희 ","14300","50","0.35","1584","9.03",,,"0","0.00"
"009840","갑을 ","825","25","3.13",,,,,"0","0.00"
"035250","강원랜드 ","140000","7500","5.66","2062","67.90",,,"0","0.00"
"010460","개발리스 ","1100","0","0.00",,,,,"0","0.00"
"000860","건설화학 ","19600","0","0.00","4898","4.00",,,"750","3.83"
"012720","건영 ","2460","230","10.31",,,,,"0","0.00"
"001390","경기화학 ","1840","-10","-0.54","2355","0.78",,,"0","0.00"
"000800","경남기업 ","3205","25","0.79","1010","3.17",,,"0","0.00"
"000805","경남기업(1우B) (락)","36250","0","0.00",,,,,"0","0.00"
"021930","경남리스 ","2900","220","8.21","2541","1.14",,,"0","0.00"
"001670","경남모직 ","1145","15","1.33","292","3.92",,,"0","0.00"
"001675","경남모직(1우) ","1250","70","5.93",,,,,"0","0.00"
"039240","경남스틸 ","2640","50","1.93","273","9.67",,,"0","0.00"
"008020","경남에너지 ","1170","-15","-1.27","310","3.77",,,"75","6.41"
"006610","경남은행 (락)","525","0","0.00",,,,,"0","0.00"
"002100","경농 ","10800","300","2.86","2405","4.49",,,"400","3.70"
"002105","경농(1우) ","300000","0","0.00",,,,,"450","0.15"
"012320","경동가스 ","13550","-450","-3.21","4094","3.31",,,"750","5.54"
"009450","경동보일러 ","15100","-200","-1.31","2732","5.53",,,"500","3.31"
"011040","경동제약 ","8110","-90","-1.10","2179","3.72",,,"0","0.00"
"000050","경방 ","22300","-100","-0.45","1487","15.00",,,"750","3.36"
"009220","경방기계 ","29200","1800","6.57","1180","24.75",,,"0","0.00"
"012610","경인양행 ","15100","-200","-1.31","1052","14.35",,,"500","3.31"
"009140","경인전자 ","8130","130","1.63","1101","7.38",,,"100","1.23"
"024910","경창산업 ","1740","-10","-0.57","390","4.46",,,"0","0.00"
"025880","경축 ","12100","50","0.41","1379","8.77",,,"0","0.00"
"002050","경향건설 ","9780","1270","14.92",,,,,"0","0.00"
"002055","경향건설(1우) ","26900","2900","12.08",,,,,"0","0.00"
"013580","계룡건설 ","8970","-30","-0.33","1846","4.86",,,"500","5.57"
"011840","계몽사 ","2090","5","0.24","390","5.36",,,"0","0.00"
"012200","계양전기 ","1530","60","4.08","274","5.58",,,"60","3.92"
"012205","계양전기(1우) ","1760","75","4.45",,,,,"65","3.69"
"027840","고덴시 ","2210","215","10.78","317","6.97",,,"60","2.71"
"004200","고려개발 ","7600","10","0.13","2933","2.59",,,"400","5.26"
"002140","고려산업 ","1945","105","5.71","307","6.34",,,"0","0.00"
"011160","고려산업개발 (락)","275","0","0.00",,,,,"0","0.00"
"003660","고려시멘트 ","18200","2350","14.83","10431","1.74",,,"0","0.00"
"010130","고려아연 ","20050","50","0.25","489","41.00",,,"500","2.49"
"009070","고려운수 ","34900","-1100","-3.06","2029","17.20",,,"500","1.43"
"027440","고려전기 ","1600","30","1.91",,,,,"0","0.00"
"002240","고려제강 ","19800","-200","-1.00","2698","7.34",,,"250","1.26"
"014570","고려제약 ","14700","350","2.44","3538","4.15",,,"0","0.00"
"002540","고제 (락)","1170","0","0.00",,,,,"0","0.00"
"004460","고합 (락)","545","0","0.00",,,,,"0","0.00"
"004465","고합(1우) (락)","855","0","0.00",,,,,"0","0.00"
"007800","골드금고 ","1255","80","6.81",,,,,"0","0.00"
"033880","골드뱅크 ","940","100","11.90",,,,,"0","0.00"
"003590","광덕물산 ","4060","160","4.10",,,,,"0","0.00"
"003595","광덕물산(1우B) ","3945","140","3.68",,,,,"0","0.00"
"009290","광동제약 ","1150","25","2.22",,,,,"0","0.00"
"014200","광림특장차 ","5270","90","1.74","106","49.72",,,"0","0.00"
"017040","광명전기 ","1585","205","14.86",,,,,"0","0.00"
"017900","광전자 ","4570","595","14.97","1033","4.42",,,"90","1.97"
"005770","광주은행 (락)","500","0","0.00",,,,,"0","0.00"
"026910","광진실업 ","13450","250","1.89","2661","5.05",,,"0","0.00"
"030610","교보증권 ","4880","130","2.74","329","14.83",,,"0","0.00"
"007690","국도화학 ","12400","-50","-0.40","1306","9.49",,,"600","4.84"
"005320","국동 ","6870","-30","-0.43","1413","4.86",,,"500","7.28"
"060000","국민은행 ","51500","1700","3.41","3907","13.18",,,"553","1.07"
"031150","국민카드 ","54900","4900","9.80","4577","11.99",,,"0","0.00"
"001140","국보 ","6380","300","4.93","895","7.13",,,"150","2.35"
"043650","국순당 ","31100","900","2.98","1671","18.61",,,"0","0.00"
"006050","국영지앤엠 ","2170","20","0.93","652","3.33",,,"0","0.00"
"000680","국제상사 ","1255","105","9.13","34833","0.04",,,"0","0.00"
"000685","국제상사(1우) ","14700","1200","8.89",,,,,"0","0.00"
"002720","국제약품 ","7110","50","0.71","595","11.95",,,"100","1.41"
"028300","국제정공 ","2350","40","1.73","12543","0.19",,,"0","0.00"
"007720","국제종건 ","490","20","4.26",,,,,"0","0.00"
"023670","국제통신 ","16900","150","0.90","2420","6.98",,,"0","0.00"
"000470","국제화재 ","905","-15","-1.63",,,,,"0","0.00"
"000475","국제화재(1우) ","1000","20","2.04",,,,,"0","0.00"
"008670","굿모닝증권 ","6080","320","5.56","407","14.94",,,"0","0.00"
"008675","굿모닝증권(1우) ","4710","115","2.50",,,,,"0","0.00"
"019010","그랜드백화점 ","2640","90","3.53","290","9.10",,,"0","0.00"
"015360","극동가스 ","12400","-400","-3.13","2901","4.27",,,"1000","8.06"
"000980","극동건설 ","6790","10","0.15",,,,,"0","0.00"
"000985","극동건설(1우) ","40150","0","0.00",,,,,"0","0.00"
"014530","극동유화 ","7600","-40","-0.52","739","10.28",,,"750","9.87"
"006250","극동전선 ","22000","250","1.15","2446","8.99",,,"600","2.73"
"010200","극동제혁 ","5400","200","3.85",,,,,"0","0.00"
"002250","근화제약 ","26500","400","1.53","3047","8.70",,,"500","1.89"
"002380","금강고려 ","121500","12500","11.47","8562","14.19",,,"2750","2.26"
"014280","금강공업 ","7010","-340","-4.63","241","29.09",,,"0","0.00"
"014285","금강공업(1우) ","5750","350","6.48",,,,,"0","0.00"
"021320","금강종합건설 ","16900","100","0.60","3387","4.99",,,"0","0.00"
"010730","금강화섬 ","500","15","3.09","5499","0.09",,,"0","0.00"
"008870","금비 ","22550","0","0.00","4435","5.08",,,"600","2.66"
"001570","금양 ","940","10","1.08",,,,,"0","0.00"
"036090","금호미터텍 ","2320","100","4.50","108","21.48",,,"0","0.00"
"002990","금호산업 ","2200","20","0.92",,,,,"0","0.00"
"002995","금호산업(1우) ","1335","-15","-1.11",,,,,"0","0.00"
"011780","금호석유 ","2675","35","1.33",,,,,"300","11.21"
"011785","금호석유(1우) ","1925","-25","-1.28",,,,,"350","18.18"
"001210","금호전기 ","14000","1800","14.75",,,,,"0","0.00"
"010050","금호종금 ","1035","25","2.48",,,,,"0","0.00"
"036190","금화피에스시 ","2860","30","1.06","1027","2.78",,,"0","0.00"
"019930","기라정보통신 ","2080","65","3.23","386","5.39",,,"75","3.61"
"004790","기륭전자 ","1340","70","5.51",,,,,"0","0.00"
"006070","기린 ","3270","0","0.00",,,,,"0","0.00"
"035460","기산텔레콤 ","2860","210","7.92","357","8.01",,,"0","0.00"
"000270","기아차 ","9200","340","3.84","743","12.38",,,"0","0.00"
"001430","기아특수강 ","755","15","2.03",,,,,"0","0.00"
"024110","기업은행 ","8080","90","1.13","927","8.72",,,"0","0.00"
"051490","나라엠앤디 ","2330","10","0.43","568","4.10",,,"0","0.00"
"036850","나리지*온 ","2930","310","11.83","257","11.40",,,"0","0.00"
"039310","나모 ","10750","50","0.47","556","19.33",,,"0","0.00"
"014990","나산 ","3790","135","3.69","21113","0.18",,,"0","0.00"
"036800","나이스 ","14300","0","0.00","448","31.92",,,"0","0.00"
"014590","나자인 ","14500","0","0.00","4220","3.44",,,"750","5.17"
"001260","남광토건 ","5050","220","4.55","460","10.98",,,"0","0.00"
"001265","남광토건(1우B) (락)","15200","0","0.00",,,,,"0","0.00"
"008350","남선알미늄 ","2990","390","15.00","10623","0.28",,,"0","0.00"
"008355","남선알미늄(1우) ","7590","990","15.00",,,,,"0","0.00"
"004270","남성 ","4370","-130","-2.89","531","8.23",,,"250","5.72"
"033220","남성알미늄 ","38400","300","0.79","824","46.60",,,"0","0.00"
"003020","남양 ","5180","-220","-4.07","41067","0.13",,,"0","0.00"
"003920","남양유업 ","325000","0","0.00","103946","3.13",,,"900","0.28"
"003925","남양유업(1우) ","213000","0","0.00",,,,,"950","0.45"
"001950","남한제지 ","4490","220","5.15",,,,,"150","3.34"
"001955","남한제지(1우) ","3640","85","2.39",,,,,"200","5.49"
"025860","남해화학 ","2245","-5","-0.22","131","17.14",,,"120","5.35"
"004250","내쇼날푸라스 ","7110","-180","-2.47","1290","5.51",,,"450","6.33"
"004255","내쇼날푸라스(1우) ","6080","-170","-2.72",,,,,"500","8.22"
"037540","네스테크 ","2560","60","2.40","211","12.13",,,"0","0.00"
"042510","네오웨이브 ","2190","100","4.78","389","5.63",,,"0","0.00"
"042420","네오위즈 ","40500","4200","11.57","3415","11.86",,,"0","0.00"
"017680","네티션닷컴 ","16600","100","0.61","5475","3.03",,,"0","0.00"
"003050","넥상스코리아 ","1375","45","3.38","93","14.78",,,"50","3.64"
"002350","넥센타이어 ","8000","-50","-0.62","1551","5.16",,,"350","4.38"
"002355","넥센타이어(1우B) ","5130","-230","-4.29",,,,,"0","0.00"
"038990","넥스콘테크 ","2340","60","2.63","503","4.65",,,"0","0.00"
"037220","넥스텔 ","2850","-10","-0.35","155","18.39",,,"0","0.00"
"038980","넥시즈 ","29450","350","1.20","1529","19.26",,,"0","0.00"
"033280","넷시큐어테크 ","3100","60","1.97",,,,,"0","0.00"
"047730","넷웨이브 ","9090","390","4.48","3430","2.65",,,"0","0.00"
"037010","넷컴스토리지 ","1700","20","1.19","221","7.69",,,"0","0.00"
"005250","녹십자 ","29700","400","1.37","10984","2.70",,,"1500","5.05"
"005255","녹십자(1우) ","16100","-550","-3.30",,,,,"1550","9.63"
"005257","녹십자(2우B) ","18600","-400","-2.11",,,,,"200","1.08"
"004370","농심 ","76200","4100","5.69","11264","6.76",,,"1250","1.64"
"040160","누리텔레콤 ","18350","350","1.94","836","21.95",,,"0","0.00"
"008320","누보텍 ","6690","240","3.72",,,,,"0","0.00"
"025690","뉴런네트 ","690","20","2.99","30","23.00",,,"0","0.00"
"045240","뉴씨앤씨 ","3050","20","0.66","313","9.74",,,"0","0.00"
"012340","뉴인텍 ","1530","30","2.00","160","9.56",,,"0","0.00"
"037200","다산씨앤아이 ","2030","20","1.00",,,,,"0","0.00"
"039560","다산인터네트 ","15750","50","0.32","1139","13.83",,,"0","0.00"
"023590","다우기술 ","3350","145","4.52",,,,,"0","0.00"
"032190","다우데이타 ","1650","40","2.48",,,,,"0","0.00"
"035720","다음 ","33300","350","1.06","93","358.06",,,"0","0.00"
"034970","다이넥스 ","6560","270","4.29",,,,,"0","0.00"
"009280","다함이텍 ","14650","300","2.09","8026","1.83",,,"100","0.68"
"040670","단암전자통신 ","2340","-10","-0.43","430","5.44",,,"0","0.00"
"033780","담배인삼공사 ","19200","-200","-1.03","1461","13.14",,,"1400","7.29"
"015590","대경기계 ","12400","300","2.48","1005","12.34",,,"500","4.03"
"037640","대경테크노스 ","10100","630","6.65","772","13.08",,,"0","0.00"
"016710","대구가스 ","18500","-200","-1.07","5302","3.49",,,"1000","5.41"
"006370","대구백화점 ","12000","1300","12.15","4127","2.91",,,"300","2.50"
"006375","대구백화점(1우) ","130500","500","0.38",,,,,"350","0.27"
"005270","대구은행 ","3680","280","8.24","131","28.09",,,"0","0.00"
"001110","대농 ","1065","-5","-0.47",,,,,"0","0.00"
"004130","대덕GDS ","11300","700","6.60","1212","9.32",,,"10","0.09"
"004135","대덕GDS(1우) ","4760","180","3.93",,,,,"15","0.32"
"004137","대덕GDS(2우B) ","5900","100","1.72",,,,,"30","0.51"
"008060","대덕전자 ","14100","1300","10.16","1265","11.15",,,"10","0.07"
"012510","대동 ","6090","30","0.50",,,,,"0","0.00"
"000490","대동공업 ","6030","-70","-1.15","1382","4.36",,,"400","6.63"
"020400","대동금속 ","16300","-150","-0.91","72","226.39",,,"0","0.00"
"008830","대동기어 ","10550","100","0.96","626","16.85",,,"0","0.00"
"008110","대동전자 ","3200","-120","-3.61","1335","2.40",,,"50","1.56"
"004780","대륙제관 ","6840","40","0.59","363","18.84",,,"0","0.00"
"000210","대림산업 ","13900","150","1.09","1457","9.54",,,"500","3.60"
"000215","대림산업(1우) ","6250","-140","-2.19",,,,,"550","8.80"
"003960","대림수산 ","5000","50","1.01",,,,,"0","0.00"
"003965","대림수산(1우) ","38500","0","0.00",,,,,"0","0.00"
"005750","대림요업 ","6800","-50","-0.73","696","9.77",,,"300","4.41"
"017650","대림제지 ","16750","-350","-2.05","8022","2.09",,,"0","0.00"
"006570","대림통상 ","8130","-50","-0.61","2278","3.57",,,"600","7.38"
"027700","대백쇼핑 ","4860","30","0.62",,,,,"0","0.00"
"026970","대백신금 ","2450","60","2.51",,,,,"0","0.00"
"036490","대백신소재 ","4310","460","11.95","498","8.65",,,"0","0.00"
"001680","대상 ","2590","40","1.57","186","13.92",,,"21","0.81"
"001685","대상(1우) ","1970","10","0.51",,,,,"32","1.62"
"001687","대상(2우B) ","2000","-30","-1.48",,,,,"10","0.50"
"036580","대상사료 ","805","0","0.00","56","14.38",,,"40","4.97"
"036585","대상사료(1우B) ","1700","40","2.41",,,,,"0","0.00"
"031990","대선조선 ","25450","-850","-3.23",,,,,"0","0.00"
"004110","대선주조 ","2580","10","0.39",,,,,"0","0.00"
"036480","대성미생물 ","62200","0","0.00","2275","27.34",,,"0","0.00"
"005620","대성산업 ","23000","0","0.00","2997","7.67",,,"600","2.61"
"025440","대성엘텍 ","2600","-130","-4.76","311","8.36",,,"0","0.00"
"019570","대신개발금융 ","3800","10","0.26",,,,,"0","0.00"
"020180","대신정보통신 ","640","30","4.92","26","24.62",,,"0","0.00"
"003540","대신증권 ","18250","450","2.53","1363","13.39",,,"750","4.11"
"003545","대신증권(1우) ","9160","240","2.69",,,,,"800","8.73"
"000380","대아건설 ","4670","240","5.42","575","8.12",,,"0","0.00"
"009940","대아리드선 ","4340","30","0.70","293","14.81",,,"0","0.00"
"013250","대양금고 ","1330","50","3.91",,,,,"0","0.00"
"013255","대양금고(1우B) ","1470","80","5.76",,,,,"0","0.00"
"009190","대양금속 ","555","15","2.78","14","39.64",,,"0","0.00"
"033030","대양이앤씨 ","8200","10","0.12",,,,,"0","0.00"
"006580","대양제지 ","6690","350","5.52","1725","3.88",,,"0","0.00"
"038810","대영에이브이 ","8360","290","3.59","471","17.75",,,"0","0.00"
"014160","대영포장 ","4360","-90","-2.02",,,,,"0","0.00"
"047040","대우건설 ","2970","180","6.45",,,,,"0","0.00"
"047050","대우인터내셔 ","1725","60","3.60",,,,,"0","0.00"
"007410","대우전자 ","3600","-50","-1.37",,,,,"0","0.00"
"042660","대우조선 ","6260","-90","-1.42",,,,,"0","0.00"
"042670","대우종합기계 ","1850","-35","-1.86",,,,,"0","0.00"
"006800","대우증권 ","10550","350","3.43","406","25.99",,,"0","0.00"
"006805","대우증권(1우) ","6270","200","3.29",,,,,"0","0.00"
"004550","대우차판매 ","3705","200","5.71","2039","1.82",,,"0","0.00"
"004555","대우차판매(1우) ","3500","110","3.24",,,,,"0","0.00"
"005060","대우통신 ","800","40","5.26",,,,,"0","0.00"
"003090","대웅제약 ","15350","50","0.33","1837","8.36",,,"375","2.44"
"016890","대웅화학 ","2920","50","1.74",,,,,"0","0.00"
"028040","대원SCN ","2000","40","2.04",,,,,"0","0.00"
"000430","대원강업 ","4100","30","0.74","1097","3.74",,,"250","6.10"
"005710","대원산업 ","11550","-150","-1.28","2724","4.24",,,"0","0.00"
"048910","대원씨앤에이 ","20500","0","0.00","849","24.15",,,"0","0.00"
"006340","대원전선 ","4030","-120","-2.89","21","191.90",,,"0","0.00"
"006345","대원전선(1우) ","4250","-50","-1.16",,,,,"0","0.00"
"006347","대원전선(2우B) ","35500","-1300","-3.53",,,,,"0","0.00"
"003220","대원제약 ","30400","-700","-2.25","6940","4.38",,,"400","1.32"
"024890","대원화성 ","5500","100","1.85","529","10.40",,,"400","7.27"
"001190","대유 ","1100","20","1.85",,,,,"0","0.00"
"054170","대인정보 ","7000","0","0.00","673","10.40",,,"0","0.00"
"003110","대일화학 ","14500","500","3.57",,,,,"0","0.00"
"003310","대주산업 ","7360","-40","-0.54",,,,,"0","0.00"
"012800","대창공업 ","3965","-30","-0.75","738","5.37",,,"250","6.31"
"012805","대창공업(1우) (락)","227000","-11500","-4.82",,,,,"300","0.13"
"015230","대창단조 ","5190","-10","-0.19","442","11.74",,,"300","5.78"
"026870","대한가스 ","13000","-200","-1.52","2222","5.85",,,"1000","7.69"
"041500","대한바이오 ","10050","0","0.00","808","12.44",,,"0","0.00"
"001070","대한방직 ","18250","350","1.96",,,,,"0","0.00"
"023910","대한약품 ","30900","-100","-0.32","2254","13.71",,,"0","0.00"
"006650","대한유화 ","6000","0","0.00",,,,,"0","0.00"
"007480","대한은박지 ","16750","250","1.52","3149","5.32",,,"800","4.78"
"003690","대한재보험 ","28450","1850","6.95","2828","10.06",,,"1000","3.51"
"001440","대한전선 ","12150","150","1.25","1637","7.42",,,"750","6.17"
"001790","대한제당 ","11000","0","0.00","917","12.00",,,"500","4.55"
"001795","대한제당(1우) ","6780","50","0.74",,,,,"550","8.11"
"001130","대한제분 ","31200","400","1.30","2280","13.68",,,"1000","3.21"
"000120","대한통운 ","8260","210","2.61","3732","2.21",,,"0","0.00"
"004540","대한펄프 ","3875","85","2.24",,,,,"0","0.00"
"004545","대한펄프(1우) ","2485","85","3.54",,,,,"0","0.00"
"003490","대한항공 ","8460","340","4.19",,,,,"0","0.00"
"003495","대한항공(1우) ","7500","200","2.74",,,,,"50","0.67"
"005880","대한해운 ","2950","50","1.72",,,,,"0","0.00"
"003830","대한화섬 ","16850","-250","-1.46",,,,,"750","4.45"
"000400","대한화재 ","605","0","0.00",,,,,"0","0.00"
"016090","대현 ","6740","240","3.69","340","19.82",,,"0","0.00"
"026230","대현테크 ","1440","20","1.41","99","14.55",,,"0","0.00"
"001980","대호 ","2900","60","2.11",,,,,"0","0.00"
"037250","대흥멀티통신 ","1990","0","0.00","79","25.19",,,"0","0.00"
"045380","더존디지털 ","30550","450","1.50","1295","23.59",,,"0","0.00"
"004830","덕성 ","2590","95","3.81","212","12.22",,,"45","1.74"
"004835","덕성(1우) ","2125","45","2.16",,,,,"50","2.35"
"004837","덕성(2우B) ","5300","-40","-0.75",,,,,"0","0.00"
"024900","덕양산업 ","13200","-100","-0.75","918","14.38",,,"600","4.55"
"015940","데이콤 ","31600","1700","5.69",,,,,"0","0.00"
"013650","데코 ","4400","150","3.53","968","4.55",,,"0","0.00"
"053070","덱트론 ","3140","140","4.67","339","9.26",,,"0","0.00"
"047060","덴소풍성 ","3400","100","3.03",,,,,"0","0.00"
"039850","델타정보통신 ","2160","0","0.00","355","6.08",,,"0","0.00"
"027710","도드람B&F ","900","10","1.12","33","27.27",,,"0","0.00"
"036180","도원텔레콤 ","1360","20","1.49",,,,,"0","0.00"
"004420","동국무역 ","850","0","0.00",,,,,"0","0.00"
"005160","동국산업 ","3140","40","1.29",,,,,"0","0.00"
"001620","동국실업 ","11400","0","0.00",,,,,"100","0.88"
"001230","동국제강 ","3500","5","0.14",,,,,"250","7.14"
"023450","동남합성 ","9100","50","0.55","1139","7.99",,,"500","5.49"
"004140","동방 ","8180","80","0.99",,,,,"0","0.00"
"007590","동방아그로 ","2725","-30","-1.09","712","3.83",,,"100","3.67"
"007595","동방아그로(1우) ","169000","0","0.00",,,,,"105","0.06"
"007390","동보중공업 ","1530","30","2.00","50","30.60",,,"0","0.00"
"005960","동부건설 ","7600","-150","-1.94","7099","1.07",,,"500","6.58"
"005965","동부건설(1우) ","5700","-270","-4.52",,,,,"550","9.65"
"012030","동부정밀 ","6460","-110","-1.67","7360","0.88",,,"500","7.74"
"044640","동부정보기술 ","1890","0","0.00","523","3.61",,,"0","0.00"
"016380","동부제강 ","3090","35","1.15","121","25.54",,,"250","8.09"
"016385","동부제강(1우) ","2250","-60","-2.60",,,,,"300","13.33"
"016610","동부증권 ","4315","115","2.74","451","9.57",,,"250","5.79"
"000990","동부한농 ","7010","-10","-0.14","1496","4.69",,,"500","7.13"
"005830","동부화재 ","3765","165","4.58","65","57.92",,,"50","1.33"
"031960","동산진흥 ","14450","300","2.12","2255","6.41",,,"0","0.00"
"026960","동서 ","51000","1500","3.03","8371","6.09",,,"0","0.00"
"010780","동서산업 ","4130","-170","-3.95","1259","3.28",,,"150","3.63"
"055000","동서정보기술 ","5010","140","2.87","495","10.12",,,"0","0.00"
"002470","동성 ","235","5","2.17",,,,,"0","0.00"
"002210","동성제약 ","5040","-80","-1.56","519","9.71",,,"150","2.98"
"005190","동성화학 ","7600","-50","-0.65","1493","5.09",,,"600","7.89"
"012270","동신 ","8280","1080","15.00",,,,,"0","0.00"
"025950","동신건설 ","59400","0","0.00","2619","22.68",,,"0","0.00"
"009730","동신에스엔티 ","3920","50","1.29",,,,,"0","0.00"
"006600","동신제약 ","13800","1800","15.00","5832","2.37",,,"0","0.00"
"006605","동신제약(1우) ","11500","800","7.48",,,,,"0","0.00"
"012760","동아정기 ","4300","0","0.00",,,,,"0","0.00"
"000640","동아제약 ","23900","450","1.92","2570","9.30",,,"600","2.51"
"007340","동아타이어 ","34000","500","1.49","6221","5.47",,,"1000","2.94"
"041930","동아화성 ","18550","850","4.80","3133","5.92",,,"0","0.00"
"001780","동양강철 ","3910","20","0.51",,,,,"0","0.00"
"001785","동양강철(1우) ","4800","-200","-4.00",,,,,"0","0.00"
"001787","동양강철(2우B) ","20400","850","4.35",,,,,"0","0.00"
"005900","동양고속 ","9650","-40","-0.41","2166","4.46",,,"250","2.59"
"013570","동양기전 ","7330","110","1.52",,,,,"0","0.00"
"023020","동양매직 ","2770","80","2.97",,,,,"0","0.00"
"001520","동양메이저 ","2700","90","3.45",,,,,"0","0.00"
"001525","동양메이저(1우) ","1310","0","0.00",,,,,"0","0.00"
"001527","동양메이저(2우B) ","1730","15","0.87",,,,,"300","17.34"
"002900","동양물산 ","4240","5","0.12","1037","4.09",,,"450","10.61"
"036270","동양반도체 ","8620","920","11.95","157","54.90",,,"0","0.00"
"027390","동양백화점 ","5410","410","8.20",,,,,"0","0.00"
"002710","동양석판 ","8700","100","1.16","1859","4.68",,,"500","5.75"
"030790","동양시스템즈 ","7160","100","1.42","2474","2.89",,,"0","0.00"
"004510","동양에레베이 ","6350","150","2.42","500","12.70",,,"0","0.00"
"001800","동양제과 ","35000","1400","4.17","5238","6.68",,,"600","1.71"
"010060","동양제철화학 ","11000","-50","-0.45","1699","6.47",,,"0","0.00"
"003470","동양종금증권 ","4040","100","2.54",,,,,"0","0.00"
"003475","동양종금증권(1우) ","3155","40","1.28",,,,,"0","0.00"
"008970","동양철관 ","1250","160","14.68",,,,,"0","0.00"
"008975","동양철관(1우) ","24400","-100","-0.41",,,,,"0","0.00"
"007150","동양텔레콤 ","3600","-100","-2.70","347","10.37",,,"0","0.00"
"020070","동양토탈 ","2640","240","10.00",,,,,"0","0.00"
"020075","동양토탈우 ","27300","-400","-1.44",,,,,"0","0.00"
"000060","동양화재 ","14200","1500","11.81",,,,,"250","1.76"
"048640","동우에이엘티 ","16800","200","1.20","3132","5.36",,,"0","0.00"
"003580","동원 ","40250","750","1.90","135","298.15",,,"0","0.00"
"049770","동원F&B ","12650","-50","-0.39","40","316.25",,,"0","0.00"
"013120","동원개발 ","2590","90","3.60","108","23.98",,,"0","0.00"
"018500","동원금속 ","4200","70","1.69",,,,,"0","0.00"
"006040","동원산업 ","12000","-400","-3.23","481","24.95",,,"0","0.00"
"030720","동원수산 ","3780","10","0.27","581","6.51",,,"500","13.23"
"005890","동원증권 ","10500","400","3.96",,,,,"0","0.00"
"005895","동원증권(1우) ","6140","240","4.07",,,,,"50","0.81"
"005897","동원증권(2우B) ","5390","150","2.86",,,,,"0","0.00"
"019560","동원창투 ","650","20","3.17","114","5.70",,,"0","0.00"
"032960","동일기연 ","2570","50","1.98","217","11.84",,,"0","0.00"
"001530","동일방직 ","23450","50","0.21","2353","9.97",,,"1000","4.26"
"004840","동일벨트 ","32600","0","0.00","8316","3.92",,,"150","0.46"
"019300","동일제지 ","6670","140","2.14","3228","2.07",,,"400","6.00"
"023790","동일철강 ","76000","2000","2.70","6133","12.39",,,"0","0.00"
"011000","동일패브릭 ","13100","-250","-1.87","3153","4.15",,,"600","4.58"
"005290","동진쎄미켐 ","1750","140","8.70","41","42.68",,,"0","0.00"
"054250","동진에코텍 ","4070","300","7.96","307","13.26",,,"0","0.00"
"019180","동해전장 ","5240","-130","-2.42","555","9.44",,,"400","7.63"
"009580","동해펄프 ","3520","-80","-2.22","8051","0.44",,,"0","0.00"
"025900","동화기업 ","4350","-120","-2.68","365","11.92",,,"0","0.00"
"000020","동화약품 ","9310","120","1.31","755","12.33",,,"100","1.07"
"000300","두레에어 ","1255","-45","-3.46",,,,,"0","0.00"
"033330","두림티앤씨 ","1790","-20","-1.10","253","7.08",,,"0","0.00"
"000150","두산 ","19350","-300","-1.53","566","34.19",,,"0","0.00"
"000155","두산(1우) ","6100","-100","-1.61",,,,,"0","0.00"
"000157","두산(2우B) ","6200","-100","-1.59",,,,,"0","0.00"
"002950","두산건설 ","3765","90","2.45","112","33.62",,,"0","0.00"
"002955","두산건설(1우) ","2770","10","0.36",,,,,"0","0.00"
"002957","두산건설(2우B) ","6600","-400","-5.71",,,,,"0","0.00"
"034020","두산중공업 ","9320","-80","-0.85",,,,,"100","1.07"
"001690","두산테크팩 (락)","4900","0","0.00","989","4.95",,,"350","7.14"
"001695","두산테크팩(1우) (락)","3950","0","0.00",,,,,"400","10.13"
"001697","두산테크팩(2우B) (락)","5800","0","0.00",,,,,"250","4.31"
"032590","두일통신 ","10000","150","1.52",,,,,"0","0.00"
"035430","드림라인 ","5690","190","3.45",,,,,"0","0.00"
"052310","드림원 ","5300","420","8.61","340","15.59",,,"0","0.00"
"046390","디날리아이티 ","5910","60","1.03","599","9.87",,,"0","0.00"
"034750","디씨씨 ","1800","190","11.80",,,,,"0","0.00"
"024090","디씨엠 ","2480","75","3.12","210","11.81",,,"50","2.02"
"003160","디아이 ","2365","305","14.81","372","6.36",,,"100","4.23"
"039840","디에스아이 ","2600","0","0.00","40","65.00",,,"0","0.00"
"003190","디에이블 ","13300","400","3.10",,,,,"0","0.00"
"044180","디와이 ","2710","10","0.37","217","12.49",,,"0","0.00"
"053200","디이시스 ","2750","290","11.79","184","14.95",,,"0","0.00"
"043360","디지아이 ","9670","130","1.36","659","14.67",,,"0","0.00"
"045970","디지탈캠프 ","5900","70","1.20","302","19.54",,,"0","0.00"
"046320","디지탈퍼스트 ","32500","500","1.56","6466","5.03",,,"0","0.00"
"038340","디지털텍 ","2750","150","5.77","314","8.76",,,"0","0.00"
"037740","디지텔 ","2250","0","0.00","45","50.00",,,"0","0.00"
"033130","디지틀조선 ","2050","0","0.00","130","15.77",,,"0","0.00"
"026890","디피씨 ","2230","30","1.36","538","4.14",,,"100","4.48"
"000320","디피아이 ","25100","-600","-2.33","4643","5.41",,,"1000","3.98"
"000325","디피아이(1우) ","27550","-300","-1.08",,,,,"1050","3.81"
"016160","라딕스 ","4330","60","1.41",,,,,"0","0.00"
"010330","라미화장품 ","2265","25","1.12",,,,,"0","0.00"
"003560","라보라 ","11500","-500","-4.17",,,,,"0","0.00"
"025840","레이디 ","250","-250","-50.00",,,,,"0","0.00"
"047440","레이젠 ","7540","660","9.59","380","19.84",,,"0","0.00"
"026040","로만손 ","1910","-20","-1.04","371","5.15",,,"0","0.00"
"014190","로지트 ","1840","0","0.00","364","5.05",,,"0","0.00"
"034600","로커스 ","11250","0","0.00","403","27.92",,,"0","0.00"
"037150","로커스홀딩스 ","9140","10","0.11","74","123.51",,,"0","0.00"
"000420","로케트전기 ","3545","70","2.01",,,,,"0","0.00"
"000425","로케트전기(1우) ","2150","10","0.47",,,,,"0","0.00"
"002270","롯데삼강 ","84100","-500","-0.59","17559","4.79",,,"650","0.77"
"004990","롯데제과 ","320000","-4000","-1.23","33347","9.60",,,"850","0.27"
"005300","롯데칠성 ","500000","1000","0.20","58574","8.54",,,"850","0.17"
"005305","롯데칠성(1우) ","309000","-1000","-0.32",,,,,"900","0.29"
"051170","루보 ","21550","50","0.23","3178","6.78",,,"0","0.00"
"058470","리노공업 ","7470","-150","-1.97","670","11.15",,,"0","0.00"
"056140","리더컴 ","3070","130","4.42","1260","2.44",,,"0","0.00"
"012700","리드코프 ","22200","2350","11.84",,,,,"0","0.00"
"001290","리젠트증권 ","2465","45","1.86",,,,,"0","0.00"
"001030","리젠트화재 ","235","5","2.17",,,,,"0","0.00"
"001035","리젠트화재(1우B) (락)","13900","0","0.00",,,,,"0","0.00"
"020860","리타워텍 ","3120","140","4.70",,,,,"0","0.00"
"020865","리타워텍우 ","23300","0","0.00",,,,,"0","0.00"
"038920","링크웨어 ","4740","-20","-0.42","396","11.97",,,"0","0.00"
"027740","마니커 ","11500","350","3.14","1899","6.06",,,"0","0.00"
"032860","마담포라 ","14100","350","2.55","1407","10.02",,,"0","0.00"
"045400","마스타테크론 ","22000","250","1.15","2596","8.47",,,"0","0.00"
"039500","마인 ","18000","-150","-0.83","4950","3.64",,,"0","0.00"
"038290","마크로젠 ","15400","400","2.67","60","256.67",,,"0","0.00"
"001080","만호제강 ","26600","350","1.33","2964","8.97",,,"650","2.44"
"005990","매일유업 ","6600","-100","-1.49","1193","5.53",,,"0","0.00"
"009890","맥슨텔레콤 (락)","490","0","0.00",,,,,"0","0.00"
"036880","맥시스템 ","1000","50","5.26","105","9.52",,,"0","0.00"
"032620","메디다스 ","2050","30","1.49","347","5.91",,,"0","0.00"
"018360","메디슨 ","2440","50","2.09",,,,,"0","0.00"
"018365","메디슨(1우) ","1320","10","0.76",,,,,"0","0.00"
"008560","메리츠증권 ","4200","100","2.44","912","4.61",,,"350","8.33"
"011400","명성 ","2750","250","10.00",,,,,"0","0.00"
"028090","명화네트 ","14900","200","1.36","678","21.98",,,"0","0.00"
"012690","모나리자 (락)","1420","0","0.00",,,,,"0","0.00"
"005360","모나미 ","8620","20","0.23","684","12.60",,,"250","2.90"
"046000","모디아 ","58000","-500","-0.85","1383","41.94",,,"0","0.00"
"036610","모바일원 ","760","30","4.11",,,,,"0","0.00"
"051810","모보아이피씨 ","2940","310","11.79","423","6.95",,,"0","0.00"
"033200","모아텍 ","6290","140","2.28","1308","4.81",,,"0","0.00"
"008120","모토조이 ","780","10","1.30",,,,,"0","0.00"
"006920","모헨즈 ","1810","40","2.26","3","603.33",,,"0","0.00"
"001810","무림제지 ","5810","60","1.04","937","6.20",,,"0","0.00"
"033920","무학 ","7950","690","9.50","1477","5.38",,,"0","0.00"
"023150","무학주정 ","7550","-80","-1.05","835","9.04",,,"0","0.00"
"034510","무한투자 ","9810","-290","-2.87","6180","1.59",,,"0","0.00"
"008420","문배철강 ","3800","50","1.33","776","4.90",,,"250","6.58"
"004010","미도파 ","1290","90","7.50",,,,,"0","0.00"
"038390","미디어솔루션 ","18000","0","0.00","1022","17.61",,,"0","0.00"
"025560","미래산업 ","2630","340","14.85","40","65.75",,,"15","0.57"
"008600","미래와사람 ","6100","80","1.33","589","10.36",,,"400","6.56"
"035210","미래티비 ","13900","0","0.00","719","19.33",,,"0","0.00"
"018890","미르피아 ","6520","140","2.19",,,,,"0","0.00"
"002840","미원상사 ","17500","-200","-1.13","5042","3.47",,,"1000","5.71"
"002670","미주제강 ","6650","440","7.09",,,,,"0","0.00"
"025980","미창 ","2630","130","5.20","42","62.62",,,"0","0.00"
"003650","미창석유 ","7980","-10","-0.13","1664","4.80",,,"400","5.01"
"018700","바른손 ","1890","40","2.16",,,,,"0","0.00"
"053030","바이넥스 ","3330","250","8.12","190","17.53",,,"0","0.00"
"048760","바이어블 ","3200","130","4.23","511","6.26",,,"0","0.00"
"052260","바이오랜드 ","5560","40","0.72","424","13.11",,,"0","0.00"
"053110","바이오메디아 ","27100","500","1.88","2828","9.58",,,"0","0.00"
"041830","바이오스페이 ","3840","80","2.13","285","13.47",,,"0","0.00"
"035960","바이오시스 ","1510","20","1.34",,,,,"0","0.00"
"038720","반도체ENG ","8550","420","5.17","824","10.38",,,"0","0.00"
"036260","반포텍 ","5710","-80","-1.38",,,,,"0","0.00"
"003610","방림 ","5800","50","0.87","6908","0.84",,,"0","0.00"
"011800","배명금속 ","545","5","0.93","13","41.92",,,"0","0.00"
"001340","백광산업 ","5240","-30","-0.57",,,,,"0","0.00"
"014580","백광소재 ","12450","0","0.00","1961","6.35",,,"1000","8.03"
"035150","백산 ","2835","-15","-0.53",,,,,"50","1.76"
"036620","버추얼텍 ","11750","100","0.86","344","34.16",,,"0","0.00"
"002410","범양건영 ","4350","120","2.84","427","10.19",,,"0","0.00"
"002480","범양사 ","11000","250","2.33","1715","6.41",,,"0","0.00"
"008750","범양식품 ","5080","180","3.67",,,,,"0","0.00"
"009360","베네데스 ","6010","10","0.17","616","9.76",,,"250","4.16"
"037630","벤트리 ","2300","40","1.77","41","56.10",,,"0","0.00"
"040750","벨로체 ","2960","-70","-2.31","199","14.87",,,"0","0.00"
"053470","벨코정보통신 ","3750","250","7.14","619","6.06",,,"0","0.00"
"007210","벽산 ","5550","70","1.28","489","11.35",,,"0","0.00"
"002530","벽산건설 ","3710","70","1.92","6394","0.58",,,"0","0.00"
"002535","벽산건설(1우) ","7380","40","0.54",,,,,"0","0.00"
"002760","보락 ","10100","140","1.41",,,,,"0","0.00"
"014100","보령메디앙스 ","2650","30","1.15","509","5.21",,,"0","0.00"
"003850","보령제약 ","15300","500","3.38","2287","6.69",,,"250","1.63"
"004740","보루네오 ","6300","200","3.28",,,,,"0","0.00"
"006910","보성파워텍 ","960","0","0.00","95","10.11",,,"0","0.00"
"030950","보진재 ","27650","-350","-1.25","454","60.90",,,"0","0.00"
"000890","보해양조 ","6400","40","0.63","356","17.98",,,"0","0.00"
"000895","보해양조(1우) ","105000","6400","6.49",,,,,"0","0.00"
"048550","볼빅 ","13000","0","0.00","2425","5.36",,,"0","0.00"
"005350","봉신 ","8600","120","1.42","599","14.36",,,"0","0.00"
"003000","부광약품 ","5300","30","0.57","332","15.96",,,"100","1.89"
"001270","부국증권 ","7490","100","1.35","1340","5.59",,,"750","10.01"
"001275","부국증권(1우) ","5540","340","6.54",,,,,"800","14.44"
"026940","부국철강 ","13600","0","0.00","2889","4.71",,,"0","0.00"
"014470","부방테크론 ","9480","570","6.40","697","13.60",,,"0","0.00"
"015350","부산가스 ","12150","-50","-0.41","1548","7.85",,,"1000","8.23"
"025270","부산방직 ","10500","100","0.96","1375","7.64",,,"0","0.00"
"011390","부산산업 ","5920","90","1.54",,,,,"0","0.00"
"007830","부산신금 ","4890","30","0.62",,,,,"0","0.00"
"005280","부산은행 ","4495","235","5.52","107","42.01",,,"0","0.00"
"005030","부산주공 ","12600","-250","-1.95","2224","5.67",,,"350","2.78"
"003930","부흥 ","11600","1500","14.85",,,,,"0","0.00"
"043610","블루코드 ","2300","90","4.07","163","14.11",,,"0","0.00"
"002070","비비안 ","23150","-1400","-5.70","4915","4.71",,,"1000","4.32"
"053590","비젼텔레콤 ","1570","20","1.29","153","10.26",,,"0","0.00"
"054220","비츠로시스 ","3020","320","11.85","251","12.03",,,"0","0.00"
"042370","비츠로테크 ","2290","50","2.23","137","16.72",,,"0","0.00"
"040130","비테크놀러지 ","4450","30","0.68","155","28.71",,,"0","0.00"
"032850","비트컴퓨터 ","3690","50","1.37","113","32.65",,,"0","0.00"
"032680","비티씨정보 ","930","10","1.09",,,,,"0","0.00"
"006490","비티아이 ","540","5","0.93","5","108.00",,,"0","0.00"
"005180","빙그레 ","11050","400","3.76","898","12.31",,,"500","4.52"
"040020","사라콤 ","3920","160","4.26","761","5.15",,,"0","0.00"
"052560","사이어스 ","5150","50","0.98","663","7.77",,,"0","0.00"
"007160","사조산업 ","3400","15","0.44",,,,,"0","0.00"
"008270","산은캐피탈 ","4160","-145","-3.37",,,,,"0","0.00"
"005090","삼광유리 ","3665","-95","-2.53","2085","1.76",,,"0","0.00"
"002930","삼도물산 ","14400","-500","-3.36","3516","4.10",,,"0","0.00"
"014970","삼륭물산 ","13800","-500","-3.50","2161","6.39",,,"0","0.00"
"005850","삼립산업 ","23600","300","1.29","6580","3.59",,,"1000","4.24"
"005610","삼립식품 ","7290","280","3.99",,,,,"0","0.00"
"033250","삼립정공 ","925","25","2.78",,,,,"10","1.08"
"018310","삼목정공 ","11600","100","0.87","1336","8.68",,,"0","0.00"
"002580","삼미 ","1145","75","7.01",,,,,"0","0.00"
"002585","삼미(1우) ","1190","10","0.85",,,,,"0","0.00"
"016670","삼미정보 ","2180","80","3.81","41","53.17",,,"0","0.00"
"004560","삼미특수강 ","2330","-100","-4.12","44077","0.05",,,"0","0.00"
"004565","삼미특수강(1우) ","4850","50","1.04",,,,,"0","0.00"
"009620","삼보산업 ","177000","0","0.00","6964","25.42",,,"0","0.00"
"035400","삼보정보통신 ","19750","2100","11.90","2079","9.50",,,"0","0.00"
"014900","삼보컴퓨터 ","7030","490","7.49",,,,,"75","1.07"
"023600","삼보판지 ","9700","60","0.62","94","103.19",,,"0","0.00"
"001470","삼부토건 ","7190","210","3.01","109","65.96",,,"50","0.70"
"006400","삼성SDI ","58600","600","1.03","11617","5.04",,,"2000","3.41"
"006405","삼성SDI(1우) ","26000","0","0.00",,,,,"2050","7.88"
"006660","삼성공조 ","5020","20","0.40","1268","3.96",,,"30","0.60"
"000830","삼성물산 ","7470","190","2.61","477","15.66",,,"250","3.35"
"000835","삼성물산(1우) ","4380","60","1.39",,,,,"300","6.85"
"028050","삼성엔지 ","4060","10","0.25","491","8.27",,,"0","0.00"
"009150","삼성전기 ","44250","450","1.03","4446","9.95",,,"1250","2.82"
"009155","삼성전기(1우) ","19100","-1800","-8.61",,,,,"1300","6.81"
"005930","삼성전자 ","308000","29000","10.39","35006","8.80",,,"3000","0.97"
"005935","삼성전자(1우) ","128000","14500","12.78",,,,,"3050","2.38"
"004000","삼성정밀화학 ","13750","-250","-1.79","1170","11.75",,,"500","3.64"
"001360","삼성제약 ","3450","60","1.77",,,,,"0","0.00"
"010140","삼성중공업 ","3800","45","1.20",,,,,"0","0.00"
"010145","삼성중공업(1우) ","29500","1700","6.12",,,,,"0","0.00"
"016360","삼성증권 ","49550","1700","3.55","2716","18.24",,,"0","0.00"
"016365","삼성증권(1우B) ","41000","-50","-0.12",,,,,"0","0.00"
"016367","삼성증권(2우B) ","41750","1350","3.34",,,,,"0","0.00"
"012450","삼성테크윈 ","4250","100","2.41","288","14.76",,,"0","0.00"
"000810","삼성화재 ","56700","700","1.25","2059","27.54",,,"500","0.88"
"000815","삼성화재(1우) ","19850","650","3.39",,,,,"505","2.54"
"006110","삼아알미늄 ","24700","-100","-0.40","5574","4.43",,,"750","3.04"
"009300","삼아약품 ","5350","30","0.56","893","5.99",,,"0","0.00"
"009330","삼애인더스 ","1710","0","0.00",,,,,"0","0.00"
"009335","삼애인더스(1우B) ","1500","0","0.00",,,,,"0","0.00"
"009337","삼애인더스(2우B) ","1580","30","1.94",,,,,"0","0.00"
"008080","삼양광학 ","1515","80","5.57","100","15.15",,,"0","0.00"
"000070","삼양사 ","15550","-50","-0.32","6780","2.29",,,"450","2.89"
"000075","삼양사(1우) ","8100","-20","-0.25",,,,,"500","6.17"
"003230","삼양식품 ","5380","-70","-1.28",,,,,"0","0.00"
"003940","삼양제넥스 ","31400","0","0.00","7996","3.93",,,"850","2.71"
"003945","삼양제넥스(1우) ","14400","150","1.05",,,,,"900","6.25"
"008720","삼양중기 ","8150","150","1.88",,,,,"0","0.00"
"002170","삼양통상 ","15900","-100","-0.63","2109","7.54",,,"600","3.77"
"004920","삼영모방 ","4280","-80","-1.83","73","58.63",,,"100","2.34"
"002810","삼영무역 ","1630","-20","-1.21","402","4.05",,,"75","4.60"
"054540","삼영엠텍 ","10850","300","2.84","1593","6.81",,,"0","0.00"
"036530","삼영열기 ","22300","100","0.45","2066","10.79",,,"0","0.00"
"005680","삼영전자 ","7000","200","2.94","1539","4.55",,,"150","2.14"
"023810","삼영케불 ","2200","10","0.46","225","9.78",,,"0","0.00"
"003720","삼영화학 ","9700","30","0.31","1051","9.23",,,"500","5.15"
"019120","삼우 ","19300","300","1.58","3652","5.28",,,"0","0.00"
"026250","삼우이엠씨 ","2350","60","2.62","606","3.88",,,"0","0.00"
"031860","삼우통신공업 ","2190","50","2.34","456","4.80",,,"0","0.00"
"037760","삼원정밀금속 ","2750","290","11.79",,,,,"0","0.00"
"004380","삼익LMS ","6990","-120","-1.69","1337","5.23",,,"500","7.15"
"002180","삼익건설 ","360","45","14.29",,,,,"0","0.00"
"002450","삼익악기 ","5920","-80","-1.33",,,,,"0","0.00"
"032280","삼일 ","2660","40","1.53","227","11.72",,,"0","0.00"
"002290","삼일기업공사 ","6650","30","0.45","2991","2.22",,,"0","0.00"
"041310","삼일인포마인 ","15550","-450","-2.81","889","17.49",,,"0","0.00"
"000520","삼일제약 ","29300","950","3.35","7881","3.72",,,"500","1.71"
"009520","삼정피앤에이 ","7950","-550","-6.47","840","9.46",,,"0","0.00"
"037460","삼지전자 ","3050","90","3.04","358","8.52",,,"0","0.00"
"032750","삼진 ","13000","400","3.17","372","34.95",,,"0","0.00"
"005500","삼진제약 ","79000","1900","2.46","1921","41.12",,,"400","0.51"
"000250","삼천당제약 ","16650","0","0.00","5566","2.99",,,"0","0.00"
"004690","삼천리 ","36000","200","0.56","7502","4.80",,,"750","2.08"
"024950","삼천리자전 ","1180","80","7.27",,,,,"0","0.00"
"031330","삼테크 ","3550","200","5.97","673","5.27",,,"0","0.00"
"033070","삼한콘트롤스 ","3250","170","5.52","5","650.00",,,"0","0.00"
"033075","삼한콘트롤스우 ","2840","130","4.80",,,,,"0","0.00"
"017480","삼현철강 ","1920","150","8.47","418","4.59",,,"0","0.00"
"001880","삼호 ","2360","30","1.29","248","9.52",,,"0","0.00"
"011150","삼호물산 ","955","15","1.60","2031","0.47",,,"0","0.00"
"011155","삼호물산(1우) ","1840","240","15.00",,,,,"0","0.00"
"033210","삼화기연 ","3170","-50","-1.55","206","15.39",,,"0","0.00"
"004450","삼화왕관 ","8800","-180","-2.00","2232","3.94",,,"500","5.68"
"009470","삼화전기 ","1850","55","3.06","693","2.67",,,"150","8.11"
"011230","삼화전자 ","7250","240","3.42","1938","3.74",,,"300","4.14"
"001820","삼화콘덴서 ","2320","130","5.94","408","5.69",,,"150","6.47"
"000390","삼화페인트 ","2735","30","1.11","192","14.24",,,"100","3.66"
"000360","삼환기업 ","5090","70","1.39","522","9.75",,,"250","4.91"
"000365","삼환기업(1우) ","3390","-130","-3.69",,,,,"300","8.85"
"013700","삼환까뮤 ","3545","75","2.16","68","52.13",,,"100","2.82"
"011420","상림 ","4295","-55","-1.26","773","5.56",,,"0","0.00"
"041650","상신브레이크 ","18250","-200","-1.08","3440","5.31",,,"0","0.00"
"006280","상아제약 ","4600","-230","-4.76",,,,,"0","0.00"
"035610","새롬기술 ","10650","300","2.90",,,,,"0","0.00"
"008000","새한 ","2170","10","0.46",,,,,"0","0.00"
"005070","새한미디어 ","1740","10","0.58",,,,,"0","0.00"
"007540","샘표식품 ","4890","10","0.20","1025","4.77",,,"200","4.09"
"003260","서광 ","520","40","8.33",,,,,"0","0.00"
"001600","서광건설 ","4980","-40","-0.80","8917","0.56",,,"0","0.00"
"038530","서두인칩 ","2960","170","6.09","93","31.83",,,"0","0.00"
"006730","서부트럭터미 ","15650","-550","-3.40",,,,,"0","0.00"
"017390","서울가스 ","14900","0","0.00","3090","4.82",,,"1000","6.71"
"016560","서울금고 ","3610","-40","-1.10","49","73.67",,,"0","0.00"
"031950","서울시스템 ","910","90","10.98",,,,,"0","0.00"
"004410","서울식품 ","4220","90","2.18",,,,,"0","0.00"
"004415","서울식품(1우) ","6430","20","0.31",,,,,"0","0.00"
"036120","서울신용평가 ","820","20","2.50",,,,,"0","0.00"
"002860","서울은행 (락)","1240","0","0.00",,,,,"0","0.00"
"031390","서울이동통신 ","760","40","5.56",,,,,"0","0.00"
"032980","서울일렉트론 ","1700","10","0.59",,,,,"0","0.00"
"027040","서울전자통신 ","6100","-60","-0.97","431","14.15",,,"0","0.00"
"018680","서울제약 ","18600","100","0.54","3761","4.95",,,"0","0.00"
"001200","서울증권 ","5170","160","3.19","555","9.32",,,"130","2.51"
"021050","서원 ","3850","40","1.05","1109","3.47",,,"300","7.79"
"016140","서주관광개발 ","52000","0","0.00","4329","12.01",,,"0","0.00"
"001150","서통 ","3600","5","0.14","846","4.26",,,"150","4.17"
"001155","서통(1우) ","2980","-10","-0.33",,,,,"200","6.71"
"011370","서한 ","2330","-50","-2.10",,,,,"0","0.00"
"033790","서화정보통신 ","1930","30","1.58","259","7.45",,,"0","0.00"
"008490","서흥캅셀 ","8720","60","0.69","389","22.42",,,"200","2.29"
"035890","서희이엔씨 ","830","30","3.75","206","4.03",,,"0","0.00"
"003100","선광 ","16700","-50","-0.30","1804","9.26",,,"0","0.00"
"007610","선도전기 ","1490","15","1.02","116","12.84",,,"30","2.01"
"050110","선양테크 ","2670","260","10.79","539","4.95",,,"0","0.00"
"014300","선진 ","8700","250","2.96","2585","3.37",,,"625","7.18"
"018570","선진금속 ","680","-10","-1.45",,,,,"0","0.00"
"002820","선창산업 ","9000","470","5.51","1387","6.49",,,"400","4.44"
"014620","성광벤드 ","1350","-10","-0.74","115","11.74",,,"0","0.00"
"041140","성광엔비텍 ","3410","-40","-1.16","361","9.45",,,"0","0.00"
"012580","성도 ","3180","-30","-0.93","783","4.06",,,"150","4.72"
"037350","성도이엔지 ","2350","250","11.90","319","7.37",,,"0","0.00"
"014910","성문전자 ","6800","0","0.00","981","6.93",,,"300","4.41"
"014915","성문전자(1우) ","16850","-200","-1.17",,,,,"350","2.08"
"003080","성보화학 ","11700","-200","-1.68","1540","7.60",,,"750","6.41"
"004980","성신양회 ","6050","-50","-0.82",,,,,"0","0.00"
"004985","성신양회(1우) ","3350","-50","-1.47",,,,,"0","0.00"
"004987","성신양회(2우B) ","11300","300","2.73",,,,,"0","0.00"
"004989","성신양회(3우B) ","5510","-10","-0.18",,,,,"0","0.00"
"011300","성안 ","3020","70","2.37","200","15.10",,,"0","0.00"
"045300","성우테크론 ","2950","310","11.74","540","5.46",,,"0","0.00"
"015750","성우하이텍 ","2030","-10","-0.49","359","5.65",,,"0","0.00"
"012090","성원건설 ","690","0","0.00","3844","0.18",,,"0","0.00"
"012095","성원건설(1우) ","1340","160","13.56",,,,,"0","0.00"
"015200","성원파이프 ","24600","600","2.50","5794","4.25",,,"0","0.00"
"005980","성지건설 ","3830","30","0.79","1346","2.85",,,"150","3.92"
"026220","성진네텍 ","1490","20","1.36","99","15.05",,,"0","0.00"
"037650","성진산업 ","2530","70","2.85","152","16.64",,,"0","0.00"
"000180","성창기업 ","18050","400","2.27","4445","4.06",,,"0","0.00"
"043260","성호전자 ","1580","50","3.27",,,,,"0","0.00"
"004060","세계물산 ","3860","-140","-3.50","66044","0.06",,,"0","0.00"
"024940","세광알미늄 ","9530","220","2.36",,,,,"0","0.00"
"002420","세기상사 ","74500","500","0.68",,,,,"0","0.00"
"053060","세동 ","2270","-80","-3.40","201","11.29",,,"0","0.00"
"033040","세림아이텍 ","1250","130","11.61",,,,,"0","0.00"
"027970","세림제지 ","4450","100","2.30","534","8.33",,,"250","5.62"
"048430","세림테크 ","2640","140","5.60","642","4.11",,,"0","0.00"
"017510","세명전기 ","1100","20","1.85","95","11.58",,,"0","0.00"
"004360","세방기업 ","2010","15","0.75",,,,,"60","2.99"
"004365","세방기업(1우) ","1250","-5","-0.40",,,,,"65","5.20"
"004490","세방전지 ","2900","50","1.75","625","4.64",,,"90","3.10"
"011560","세보엠이씨 ","2060","10","0.49","447","4.61",,,"0","0.00"
"004230","세신 ","2250","35","1.58","468","4.81",,,"0","0.00"
"033020","세아메탈 ","1020","30","3.03","126","8.10",,,"0","0.00"
"003030","세아제강 ","14400","50","0.35","2463","5.85",,,"500","3.47"
"058650","세아홀딩스 ","12800","100","0.79",,,,,"0","0.00"
"013240","세양산업 ","3000","65","2.21",,,,,"0","0.00"
"000790","세양선박 ","4685","-25","-0.53",,,,,"0","0.00"
"013000","세우포리머 ","810","10","1.25",,,,,"0","0.00"
"013005","세우포리머(1우) ","4000","20","0.50",,,,,"0","0.00"
"024830","세원물산 ","1770","10","0.57","241","7.34",,,"0","0.00"
"021820","세원정공 ","10750","-200","-1.83","3507","3.07",,,"500","4.65"
"023960","세원중공업 ","995","0","0.00","138","7.21",,,"50","5.03"
"036910","세원텔레콤 ","3900","180","4.84","409","9.54",,,"0","0.00"
"007910","세원화성 ","6210","60","0.98","1519","4.09",,,"250","4.03"
"034660","세인전자 ","1450","0","0.00","192","7.55",,,"0","0.00"
"033530","세종공업 ","2660","30","1.14","448","5.94",,,"0","0.00"
"016420","세종증권 ","3975","135","3.52",,,,,"0","0.00"
"053450","세키노스코 ","5250","0","0.00","451","11.64",,,"0","0.00"
"001020","세풍 ","1180","-15","-1.26","2320","0.51",,,"0","0.00"
"009010","세화 ","7220","220","3.14","27807","0.26",,,"0","0.00"
"006750","센추리 ","3820","-20","-0.52","276","13.84",,,"0","0.00"
"012250","셰프라인 ","2900","100","3.57",,,,,"0","0.00"
"037330","소너스테크 ","4010","10","0.25",,,,,"0","0.00"
"035010","소예 ","6100","100","1.67","1033","5.91",,,"0","0.00"
"052190","소프트맥스 ","7810","-380","-4.64","392","19.92",,,"0","0.00"
"049790","소프트윈 ","2680","280","11.67","147","18.23",,,"0","0.00"
"054920","소프트포럼 ","10650","-100","-0.93","353","30.17",,,"0","0.00"
"043100","솔고바이오 ","1760","10","0.57","66","26.67",,,"0","0.00"
"044440","솔빛미디어 ","1280","10","0.79","172","7.44",,,"0","0.00"
"053040","솔빛텔레콤 ","22000","1500","7.32","409","53.79",,,"0","0.00"
"004430","송원산업 ","20800","400","1.96","5545","3.75",,,"600","2.88"
"004720","수도약품 ","8400","200","2.44","431","19.49",,,"0","0.00"
"017550","수산중공업 ","530","0","0.00",,,,,"0","0.00"
"017555","수산중공업(1우) ","12600","200","1.61",,,,,"0","0.00"
"002200","수출포장 ","8610","160","1.89","1782","4.83",,,"500","5.81"
"004190","스마텔 ","960","0","0.00",,,,,"0","0.00"
"015020","스타코 ","3305","5","0.15","82","40.30",,,"0","0.00"
"027890","스탠더드텔레 ","1750","50","2.94","273","6.41",,,"0","0.00"
"013810","스페코 ","1910","-40","-2.05","41","46.59",,,"0","0.00"
"049830","승일제관 ","11550","1200","11.59","1817","6.36",,,"0","0.00"
"020710","시공테크 ","3050","60","2.01","183","16.67",,,"0","0.00"
"050600","시그마컴 ","2050","50","2.50","458","4.48",,,"0","0.00"
"057330","시그마텔레콤 ","3420","100","3.01","203","16.85",,,"0","0.00"
"037280","시스컴 ","3570","-20","-0.56",,,,,"0","0.00"
"037060","시큐어소프트 ","9950","-50","-0.50","231","43.07",,,"0","0.00"
"001580","신광기업 ","8400","500","6.33",,,,,"0","0.00"
"016590","신대양제지 ","5510","-140","-2.48","2315","2.38",,,"500","9.07"
"029530","신도리코 ","51300","-600","-1.16","4243","12.09",,,"2000","3.90"
"004660","신동방 ","1155","-55","-4.55",,,,,"0","0.00"
"003060","신동방메딕스 ","1000","60","6.38",,,,,"0","0.00"
"000370","신동아화재 ","5370","190","3.67",,,,,"0","0.00"
"004970","신라교역 ","2670","-10","-0.37","137","19.49",,,"5","0.19"
"001000","신라섬유 ","7170","180","2.58",,,,,"0","0.00"
"025870","신라수산 ","3550","120","3.50","102","34.80",,,"0","0.00"
"009200","신무림제지 ","6300","650","11.50",,,,,"0","0.00"
"031920","신민금고 ","5060","10","0.20","513","9.86",,,"0","0.00"
"021880","신보캐피탈 ","1270","130","11.40","137","9.27",,,"0","0.00"
"001970","신성 ","2910","90","3.19","141","20.64",,,"0","0.00"
"001975","신성(1우) ","2700","105","4.05",,,,,"0","0.00"
"006150","신성기업 ","7340","-90","-1.21",,,,,"0","0.00"
"003990","신성무역 ","11250","250","2.27",,,,,"0","0.00"
"011930","신성이엔지 ","3275","425","14.91",,,,,"0","0.00"
"005390","신성통상 ","3045","65","2.18","28716","0.11",,,"0","0.00"
"004170","신세계 ","159500","20500","14.75","4132","38.60",,,"100","0.06"
"004175","신세계(1우B) ","97700","12700","14.94",,,,,"0","0.00"
"035510","신세계I&C ","17800","700","4.09","1626","10.95",,,"0","0.00"
"034300","신세계건설 ","8140","-60","-0.73","2287","3.56",,,"0","0.00"
"031440","신세계푸드 ","14700","100","0.68","1810","8.12",,,"0","0.00"
"025320","신양피앤피 ","2970","-60","-1.98","268","11.08",,,"0","0.00"
"019590","신영기술금융 ","4050","120","3.05","440","9.20",,,"0","0.00"
"005800","신영와코루 ","46350","-650","-1.38","9996","4.64",,,"2000","4.31"
"001720","신영증권 ","15300","700","4.79","2574","5.94",,,"1000","6.54"
"001725","신영증권(1우) ","11900","100","0.85",,,,,"1050","8.82"
"054370","신영텔레콤 ","2720","100","3.82","441","6.17",,,"0","0.00"
"025620","신우 (락)","1670","0","0.00",,,,,"0","0.00"
"009270","신원 ","950","40","4.40","13","73.08",,,"0","0.00"
"009275","신원(1우) ","3320","-155","-4.46",,,,,"0","0.00"
"017000","신원종합개발 ","840","90","12.00",,,,,"0","0.00"
"014350","신일건업 ","3540","50","1.43","233","15.19",,,"100","2.82"
"002700","신일산업 ","3370","25","0.75","921","3.66",,,"0","0.00"
"012790","신일제약 ","1940","30","1.57","265","7.32",,,"0","0.00"
"012860","신창전기 ","12850","200","1.58","1838","6.99",,,"0","0.00"
"032040","신천개발 ","1450","0","0.00",,,,,"0","0.00"
"008040","신촌사료 ","1050","10","0.96","263","3.99",,,"75","7.14"
"019170","신풍제약 ","13750","150","1.10","3374","4.08",,,"0","0.00"
"019175","신풍제약(1우) ","8190","100","1.24",,,,,"0","0.00"
"002870","신풍제지 ","4280","100","2.39",,,,,"0","0.00"
"005450","신한 ","2405","35","1.48","65765","0.04",,,"0","0.00"
"054530","신한SIT ","8000","470","6.24","294","27.21",,,"0","0.00"
"055550","신한지주 ","18200","650","3.70",,,,,"0","0.00"
"005010","신호스틸 ","11600","650","5.94",,,,,"0","0.00"
"002360","신호유화 ","2370","0","0.00","1220","1.94",,,"0","0.00"
"002365","신호유화(1우) ","87500","900","1.04",,,,,"0","0.00"
"007190","신호제지 ","1000","30","3.09",,,,,"0","0.00"
"007195","신호제지(1우) ","2475","15","0.61",,,,,"0","0.00"
"001770","신화실업 ","8300","100","1.22","327","25.38",,,"250","3.01"
"056700","신화인터텍 ","3230","140","4.53","454","7.11",,,"0","0.00"
"004080","신흥 ","3530","10","0.28","690","5.12",,,"150","4.25"
"001500","신흥증권 ","5080","140","2.83","1116","4.55",,,"750","14.76"
"047600","실리콘테크 ","6350","320","5.31","642","9.89",,,"0","0.00"
"042470","심스밸리 ","4920","220","4.68","522","9.43",,,"0","0.00"
"036710","심텍 ","2620","280","11.97",,,,,"0","0.00"
"037240","싸이버텍 ","6750","40","0.60","206","32.77",,,"0","0.00"
"033260","쌈지 ","2200","140","6.80",,,,,"0","0.00"
"008900","쌍방울 ","14300","400","2.88",,,,,"0","0.00"
"001250","쌍용 ","465","60","14.81",,,,,"0","0.00"
"012650","쌍용건설 ","540","50","10.20",,,,,"0","0.00"
"012655","쌍용건설우 (락)","19850","0","0.00",,,,,"0","0.00"
"003410","쌍용양회 ","1495","195","15.00",,,,,"0","0.00"
"003415","쌍용양회(1우) ","1045","135","14.84",,,,,"0","0.00"
"003417","쌍용양회(2우B) ","6650","750","12.71",,,,,"0","0.00"
"003419","쌍용양회(3우B) ","1140","130","12.87",,,,,"0","0.00"
"00341A","쌍용양회(4우B) (락)","0","0","0.00",,,,,"0","0.00"
"00341D","쌍용양회(5우B) (락)","0","0","0.00",,,,,"0","0.00"
"010280","쌍용정보통신 ","30250","500","1.68","5525","5.48",,,"0","0.00"
"003620","쌍용차 ","1125","15","1.35",,,,,"0","0.00"
"000540","쌍용화재 ","5700","80","1.42",,,,,"0","0.00"
"000545","쌍용화재(1우) ","3540","-30","-0.84",,,,,"0","0.00"
"000547","쌍용화재(2우B) ","6800","200","3.03",,,,,"0","0.00"
"023770","써니YNK ","3010","10","0.33","412","7.31",,,"0","0.00"
"004770","써니전자 ","8230","240","3.00","2300","3.58",,,"700","8.51"
"053050","썬텍 ","4920","520","11.82","320","15.38",,,"0","0.00"
"041550","쎄라텍 ","13600","-200","-1.45","1126","12.08",,,"0","0.00"
"032580","씨.엔.아이 ","2000","80","4.17",,,,,"0","0.00"
"038880","씨앤에스 ","3100","130","4.38","173","17.92",,,"0","0.00"
"035710","씨앤텔 ","770","30","4.05",,,,,"0","0.00"
"038420","씨엔씨엔터 ","12950","1350","11.64","38","340.79",,,"0","0.00"
"054180","씨오텍 ","11400","500","4.59","602","18.94",,,"0","0.00"
"052640","씨큐어테크 ","4150","30","0.73",,,,,"0","0.00"
"016970","씨크롭 ","1710","40","2.40",,,,,"0","0.00"
"016975","씨크롭(1우) ","2590","0","0.00",,,,,"0","0.00"
"037600","씨피씨 ","2470","260","11.76","237","10.42",,,"0","0.00"
"001830","아남반도체 ","6520","850","14.99","1181","5.52",,,"0","0.00"
"001835","아남반도체(1우) ","9460","1230","14.95",,,,,"0","0.00"
"001837","아남반도체(2우B) ","13500","1750","14.89",,,,,"0","0.00"
"008700","아남전자 ","770","100","14.93","23554","0.03",,,"0","0.00"
"008705","아남전자(1우) ","5390","620","13.00",,,,,"0","0.00"
"035900","아라리온 ","3250","-50","-1.52","112","29.02",,,"0","0.00"
"002030","아세아시멘트 ","21000","300","1.45","1267","16.57",,,"700","3.33"
"002310","아세아제지 ","5650","50","0.89",,,,,"200","3.54"
"013340","아세아조인트 ","6240","250","4.17",,,,,"0","0.00"
"020560","아시아나항공 ","3090","140","4.75",,,,,"0","0.00"
"054800","아이디스 ","12200","450","3.83","442","27.60",,,"0","0.00"
"053700","아이디씨텍 ","7000","480","7.36","451","15.52",,,"0","0.00"
"020490","아이씨켐 ","5200","360","7.44","190","27.37",,,"0","0.00"
"035450","아이앤티 ","4600","160","3.60",,,,,"0","0.00"
"038100","아이엠아이티 ","4200","-90","-2.10","135","31.11",,,"0","0.00"
"038870","아이젠텍 ","3850","-110","-2.78","148","26.01",,,"0","0.00"
"031310","아이즈비전 ","2280","10","0.44",,,,,"0","0.00"
"004290","아이케이 (락)","2565","0","0.00",,,,,"0","0.00"
"004295","아이케이(1우) (락)","93200","0","0.00",,,,,"0","0.00"
"008030","아이텍스필 ","3600","40","1.12","417","8.63",,,"0","0.00"
"052300","아이티 ","2380","120","5.31","406","5.86",,,"0","0.00"
"032290","아일인텍 ","5840","-40","-0.68",,,,,"0","0.00"
"032080","아즈텍WB ","63000","-1000","-1.56","1768","35.63",,,"0","0.00"
"013780","아큐텍반도체 ","2000","210","11.73",,,,,"0","0.00"
"015670","아태우주통신 ","2165","115","5.61",,,,,"0","0.00"
"015675","아태우주통신(1우B) ","1255","75","6.36",,,,,"0","0.00"
"030530","아토 ","3740","400","11.98","255","14.67",,,"0","0.00"
"032800","아펙스 ","1460","140","10.61",,,,,"0","0.00"
"038110","아폴로 ","10050","50","0.50","472","21.29",,,"0","0.00"
"001540","안국약품 ","17600","500","2.92","2951","5.96",,,"0","0.00"
"053800","안철수연구소 ","41300","1650","4.16","816","50.61",,,"0","0.00"
"025970","알덱스 ","2180","-10","-0.46","243","8.97",,,"0","0.00"
"021570","알루코 ","1570","30","1.95","32","49.06",,,"0","0.00"
"006840","애경유화 ","20200","950","4.94","1064","18.98",,,"750","3.71"
"052790","액토즈소프트 ","16700","-100","-0.60","563","29.66",,,"0","0.00"
"047710","액티패스 ","3900","240","6.56","391","9.97",,,"0","0.00"
"054620","앤콤 ","9150","350","3.98","1456","6.28",,,"0","0.00"
"030960","양지사 ","16850","50","0.30","3448","4.89",,,"0","0.00"
"049470","어드밴텍 ","2490","10","0.40","148","16.82",,,"0","0.00"
"053960","어플라이드 ","7720","520","7.22","1121","6.89",,,"0","0.00"
"011090","에넥스 ","5500","110","2.04",,,,,"0","0.00"
"038680","에스넷 ","4920","-10","-0.20","920","5.35",,,"0","0.00"
"042110","에스씨디 ","3000","40","1.35","416","7.21",,,"0","0.00"
"052880","에스아이테크 ","2630","110","4.37","446","5.90",,,"0","0.00"
"056190","에스에프에이 ","6200","410","7.08","1103","5.62",,,"0","0.00"
"057500","에스엔티 ","7700","410","5.62","741","10.39",,,"0","0.00"
"041510","에스엠 ","8890","330","3.86","446","19.93",,,"0","0.00"
"032610","에스오케이 ","6790","-30","-0.44","4305","1.58",,,"0","0.00"
"012750","에스원 ","17800","100","0.56","492","36.18",,,"150","0.84"
"052020","에스켐 ","4090","-130","-3.08","350","11.69",,,"0","0.00"
"039110","에스피컴텍 ","18600","250","1.36","2263","8.22",,,"0","0.00"
"043340","에쎈테크 ","2680","-60","-2.19","461","5.81",,,"0","0.00"
"031800","에쓰에쓰아이 ","520","40","8.33","2033","0.26",,,"0","0.00"
"054630","에이디칩스 ","3920","110","2.89","667","5.88",,,"0","0.00"
"038690","에이스일렉 ","3990","140","3.64","379","10.53",,,"0","0.00"
"003800","에이스침대 ","20500","0","0.00","3539","5.79",,,"0","0.00"
"032930","에이스테크 ","4510","10","0.22","1117","4.04",,,"0","0.00"
"044770","에이엠에스 ","3890","-20","-0.51","293","13.28",,,"0","0.00"
"022220","에이콘 ","2010","20","1.01","48","41.88",,,"0","0.00"
"045660","에이텍시스템 ","3090","210","7.29","395","7.82",,,"0","0.00"
"052510","에코솔루션 ","3390","-70","-2.02","110","30.82",,,"0","0.00"
"053440","에프에스텍 ","16750","1100","7.03","1420","11.80",,,"0","0.00"
"036810","에프에스티 ","1430","110","8.33","101","14.16",,,"0","0.00"
"014420","에프와이디 ","2600","0","0.00",,,,,"0","0.00"
"036630","엑세스텔레콤 ","2040","10","0.49",,,,,"0","0.00"
"048460","엑큐리스 ","3700","390","11.78","113","32.74",,,"0","0.00"
"047940","엔바이오테크 ","11450","-100","-0.87","302","37.91",,,"0","0.00"
"037750","엔써 ","1350","10","0.75","168","8.04",,,"0","0.00"
"036570","엔씨소프트 ","163000","7000","4.49","5950","27.39",,,"0","0.00"
"053250","엔에스아이 ","3500","30","0.86","243","14.40",,,"0","0.00"
"035500","엔터원 ","2070","10","0.49","200","10.35",,,"0","0.00"
"023430","엔피아 ","13700","600","4.58",,,,,"0","0.00"
"048830","엔피케이 ","27800","200","0.72","1330","20.90",,,"0","0.00"
"031970","엠바이엔 ","600","30","5.26",,,,,"0","0.00"
"009780","엠에스씨 ","14000","-1200","-7.89","1786","7.84",,,"0","0.00"
"033160","엠케이전자 ","5530","260","4.93","811","6.82",,,"0","0.00"
"003640","연합철강 ","56300","500","0.90","15312","3.68",,,"1000","1.78"
"002680","영남제분 ","1720","40","2.38","21","81.90",,,"0","0.00"
"014440","영보화학 ","1840","30","1.66","164","11.22",,,"50","2.72"
"007530","영신금속 ","9750","250","2.63","187","52.14",,,"0","0.00"
"015050","영실업 ","9400","100","1.08","836","11.24",,,"0","0.00"
"051390","영우통신 ","6550","50","0.77","765","8.56",,,"0","0.00"
"009970","영원무역 ","1315","-5","-0.38","373","3.53",,,"75","5.70"
"003520","영진약품 ","2630","130","5.20",,,,,"0","0.00"
"010600","영창실업 ","5710","-90","-1.55","1316","4.34",,,"350","6.13"
"001890","영창악기 ","5300","0","0.00","2863","1.85",,,"0","0.00"
"000670","영풍 ","55000","0","0.00","5410","10.17",,,"1000","1.82"
"002850","영풍산업 ","6010","200","3.44",,,,,"0","0.00"
"002855","영풍산업(1우) ","8200","100","1.23",,,,,"0","0.00"
"002857","영풍산업(2우B) ","22850","550","2.47",,,,,"250","1.09"
"036560","영풍정밀 ","11000","100","0.92","1701","6.47",,,"0","0.00"
"006740","영풍제지 ","13200","100","0.76","3943","3.35",,,"400","3.03"
"012280","영화금속 ","765","25","3.38",,,,,"0","0.00"
"036600","영화직물 ","8530","310","3.77","820","10.40",,,"0","0.00"
"049000","예당 ","7220","0","0.00","388","18.61",,,"0","0.00"
"046840","예스테크 ","8500","200","2.41","385","22.08",,,"0","0.00"
"033850","옌트 ","1530","30","2.00",,,,,"0","0.00"
"033855","옌트우 ","2180","-50","-2.24",,,,,"0","0.00"
"045060","오공 ","3380","60","1.81","545","6.20",,,"0","0.00"
"007310","오뚜기 ","14500","-450","-3.01","3088","4.70",,,"600","4.14"
"039830","오로라 ","3970","0","0.00","399","9.95",,,"0","0.00"
"014940","오리엔탈정공 ","15350","500","3.37","4229","3.63",,,"0","0.00"
"046350","오리엔텍 ","3870","60","1.57",,,,,"0","0.00"
"002630","오리엔트 ","7080","30","0.43",,,,,"0","0.00"
"004390","오리온전기 ","790","70","9.72",,,,,"0","0.00"
"010470","오리콤 ","11200","300","2.75","1551","7.22",,,"0","0.00"
"052420","오성엘에스티 ","3460","200","6.13","250","13.84",,,"0","0.00"
"006090","오양수산 ","2820","40","1.44",,,,,"0","0.00"
"049480","오픈베이스 ","3450","120","3.60","402","8.58",,,"0","0.00"
"036820","오피콤 ","4370","180","4.30","174","25.11",,,"0","0.00"
"043790","옥션 ","19950","250","1.27",,,,,"0","0.00"
"035620","온에듀 ","1000","10","1.01",,,,,"0","0.00"
"022780","옵셔널벤처스 ","2010","70","3.61",,,,,"0","0.00"
"010170","옵토매직 ","9290","-80","-0.85","661","14.05",,,"0","0.00"
"036790","와이드텔레콤 ","920","0","0.00",,,,,"0","0.00"
"033310","와이즈콘트롤 ","840","30","3.70",,,,,"0","0.00"
"019210","와이지-원 ","2870","0","0.00","343","8.37",,,"0","0.00"
"038400","외환신용카드 ","29600","1200","4.23","3324","8.90",,,"598","2.02"
"004940","외환은행 ","4205","310","7.96",,,,,"0","0.00"
"025920","우경철강 ","5920","170","2.96",,,,,"0","0.00"
"032820","우리기술 ","9190","-200","-2.13","236","38.94",,,"0","0.00"
"041190","우리기술투자 ","6800","0","0.00","6928","0.98",,,"0","0.00"
"040420","우리별텔레콤 ","6660","-190","-2.77","593","11.23",,,"0","0.00"
"037400","우리조명 ","15400","0","0.00","176","87.50",,,"0","0.00"
"013200","우방 ","1290","40","3.20",,,,,"0","0.00"
"043580","우석에스텍 ","1320","110","9.09","286","4.62",,,"0","0.00"
"006980","우성사료 ","8450","-150","-1.74","2908","2.91",,,"650","7.69"
"006210","우성식품 ","3030","30","1.00",,,,,"0","0.00"
"017370","우신시스템 ","2350","80","3.52","372","6.32",,,"0","0.00"
"012460","우영 ","7800","830","11.91","639","12.21",,,"0","0.00"
"054080","우주통신 ","5600","120","2.19","282","19.86",,,"0","0.00"
"049800","우진세렉스 ","2800","-100","-3.45","868","3.23",,,"0","0.00"
"004320","울트라건설 ","9230","-170","-1.81","11712","0.79",,,"0","0.00"
"004325","울트라건설우 ","7810","110","1.43",,,,,"0","0.00"
"016880","웅진닷컴 ","6500","430","7.08","295","22.03",,,"100","1.54"
"021240","웅진코웨이 ","4360","-140","-3.11","626","6.96",,,"110","2.52"
"005820","원림 ","6000","-180","-2.91","605","9.92",,,"350","5.83"
"032940","원익 ","3520","340","10.69","531","6.63",,,"0","0.00"
"054440","원일정기 ","5140","-110","-2.10","1208","4.25",,,"0","0.00"
"012620","원일특강 ","20300","300","1.50","5565","3.65",,,"0","0.00"
"008370","원풍 ","1200","10","0.84","101","11.88",,,"0","0.00"
"008290","원풍물산 ","8810","-190","-2.11","810","10.88",,,"0","0.00"
"032030","월드조인트 ","2030","30","1.50","429","4.73",,,"0","0.00"
"047610","월드텔레콤 ","5640","40","0.71","1290","4.37",,,"0","0.00"
"036000","웨스텍코리아 ","11950","0","0.00","572","20.89",,,"0","0.00"
"035830","웰링크 ","2980","80","2.76","753","3.96",,,"0","0.00"
"021740","웰컴기술금융 ","1360","30","2.26",,,,,"0","0.00"
"044340","위닉스 ","10350","150","1.47","901","11.49",,,"0","0.00"
"051980","위자드소프트 ","5280","130","2.52",,,,,"0","0.00"
"038620","위즈정보기술 ","6320","50","0.80","437","14.46",,,"0","0.00"
"039390","윌텍정보통신 ","5100","400","8.51","599","8.51",,,"0","0.00"
"033270","유나이티드 ","2170","20","0.93","560","3.88",,,"0","0.00"
"044480","유니더스 ","2920","-60","-2.01","550","5.31",,,"0","0.00"
"007120","유니모테크 ","2885","5","0.17","308","9.37",,,"100","3.47"
"036200","유니셈 ","2460","260","11.82","303","8.12",,,"0","0.00"
"018000","유니슨산업 ","5060","50","1.00","173","29.25",,,"0","0.00"
"040780","유니씨앤티 ","2220","40","1.83","474","4.68",,,"0","0.00"
"000910","유니온 ","16700","250","1.52","1403","11.90",,,"500","2.99"
"034010","유니와이드 ","6000","110","1.87","473","12.68",,,"0","0.00"
"011330","유니켐 ","5150","250","5.10",,,,,"0","0.00"
"011320","유니크 ","3300","0","0.00",,,,,"0","0.00"
"039040","유니텍전자 ","4240","0","0.00","253","16.76",,,"0","0.00"
"024870","유성금속 ","555","10","1.83",,,,,"0","0.00"
"002920","유성기업 ","11350","-200","-1.73","2738","4.15",,,"400","3.52"
"024800","유성티엔에스 ","4500","-100","-2.17","1771","2.54",,,"0","0.00"
"011690","유양정보 ","8000","1040","14.94",,,,,"0","0.00"
"036500","유원컴텍 ","1810","140","8.38","442","4.10",,,"0","0.00"
"000220","유유산업 ","22300","500","2.29","2401","9.29",,,"60","0.27"
"000225","유유산업(1우) ","13000","100","0.78",,,,,"110","0.85"
"000227","유유산업(2우B) ","44500","600","1.37",,,,,"0","0.00"
"033430","유일반도체 ","2080","220","11.83",,,,,"0","0.00"
"049520","유일전자 ","14350","900","6.69","1380","10.40",,,"0","0.00"
"023410","유진기업 ","2600","0","0.00","66","39.39",,,"0","0.00"
"052810","유진데이타 ","10600","300","2.91","400","26.50",,,"0","0.00"
"023420","유진종합개발 ","27950","250","0.90","8237","3.39",,,"0","0.00"
"000100","유한양행 ","61700","-800","-1.28","5247","11.76",,,"750","1.22"
"000105","유한양행(1우) ","50000","1950","4.06",,,,,"800","1.60"
"000107","유한양행(2우B) ","64800","0","0.00",,,,,"1050","1.62"
"005690","유화 ","7170","-130","-1.78","778","9.22",,,"0","0.00"
"003460","유화증권 ","6950","220","3.27","1317","5.28",,,"600","8.63"
"003465","유화증권(1우) ","5900","40","0.68",,,,,"650","11.02"
"047770","윤디자인 ","5400","570","11.80","114","47.37",,,"0","0.00"
"031510","윤영 ","4760","0","0.00","1205","3.95",,,"0","0.00"
"008730","율촌화학 ","3480","-20","-0.57","741","4.70",,,"173","4.97"
"012170","의성실업 ","4220","120","2.93",,,,,"0","0.00"
"044960","이-글 벳 ","2800","20","0.72","250","11.20",,,"0","0.00"
"008250","이건산업 ","3090","25","0.82","533","5.80",,,"350","11.33"
"039020","이건창호 ","13350","150","1.14","1107","12.06",,,"0","0.00"
"025820","이구산업 ","12800","-400","-3.03","4023","3.18",,,"300","2.34"
"042340","이네트 ","15550","250","1.63","366","42.49",,,"0","0.00"
"045390","이노디지털 ","4650","50","1.09","420","11.07",,,"0","0.00"
"017170","이노츠 ","3900","100","2.63",,,,,"0","0.00"
"053350","이니텍 ","4390","20","0.46","263","16.69",,,"0","0.00"
"033110","이디 ","2110","70","3.43","63","33.49",,,"0","0.00"
"034980","이론테크 ","6860","200","3.00","240","28.58",,,"0","0.00"
"041030","이루넷 ","11400","0","0.00","569","20.04",,,"0","0.00"
"009810","이룸 ","12900","1200","10.26",,,,,"0","0.00"
"009815","이룸(1우) ","32500","-550","-1.66",,,,,"0","0.00"
"054940","이림테크 ","5050","300","6.32",,,,,"0","0.00"
"032180","이수세라믹 ","7800","60","0.78","1691","4.61",,,"0","0.00"
"005950","이수화학 ","12300","-150","-1.20","1459","8.43",,,"500","4.07"
"051530","이스턴테크 ","8420","250","3.06","1474","5.71",,,"0","0.00"
"047450","이앤텍 ","12200","450","3.83","763","15.99",,,"0","0.00"
"041060","이오리스 ","5090","60","1.19","385","13.22",,,"0","0.00"
"039030","이오테크닉스 ","5020","530","11.80","1072","4.68",,,"0","0.00"
"033600","이젠텍 ","28400","0","0.00","6571","4.32",,,"0","0.00"
"012260","이지닷컴 ","3000","390","14.94","306400","0.01",,,"0","0.00"
"012265","이지닷컴(1우) ","36950","-550","-1.47",,,,,"0","0.00"
"035810","이지바이오 ","2630","30","1.15","387","6.80",,,"0","0.00"
"048130","이코인 ","7660","820","11.99","166","46.14",,,"0","0.00"
"016250","이테크이앤씨 ","7920","520","7.03",,,,,"0","0.00"
"013090","이트로닉스 ","385","10","2.67","56058","0.01",,,"0","0.00"
"013095","이트로닉스(1우) ","3290","340","11.53",,,,,"0","0.00"
"013097","이트로닉스(2우B) ","470","-5","-1.05",,,,,"0","0.00"
"024810","이티아이 ","1150","30","2.68","54","21.30",,,"0","0.00"
"001840","이화공영 ","17150","-200","-1.15","1766","9.71",,,"0","0.00"
"000760","이화산업 ","12150","150","1.25",,,,,"150","1.23"
"039790","익스팬전자 ","3280","30","0.92","192","17.08",,,"0","0.00"
"041450","인네트 ","6110","380","6.63","632","9.67",,,"0","0.00"
"037700","인디시스템 ","7960","80","1.02","166","47.95",,,"0","0.00"
"039060","인바이오넷 ","3390","10","0.30","106","31.98",,,"0","0.00"
"027830","인사이트벤처 ","720","40","5.88","77","9.35",,,"0","0.00"
"033230","인성정보 ","3840","60","1.59","217","17.70",,,"0","0.00"
"023800","인지컨트롤스 ","2990","0","0.00","469","6.38",,,"200","6.69"
"006290","인천정유 ","480","25","5.49",,,,,"0","0.00"
"006295","인천정유(1우) (락)","230500","0","0.00",,,,,"0","0.00"
"046240","인츠커뮤니티 ","4800","-310","-6.07","218","22.02",,,"0","0.00"
"047370","인컴 ","3980","30","0.76","236","16.86",,,"0","0.00"
"020120","인큐브테크 ","1880","60","3.30",,,,,"0","0.00"
"010670","인터리츠 ","880","40","4.76",,,,,"0","0.00"
"030420","인터링크 ","1630","20","1.24","46","35.43",,,"0","0.00"
"051780","인터스타테크 ","12300","600","5.13","992","12.40",,,"0","0.00"
"017250","인터엠 ","2650","30","1.15","388","6.83",,,"0","0.00"
"035080","인터파크 ","2560","130","5.35",,,,,"0","0.00"
"014010","인터피온 ","330","5","1.54",,,,,"0","0.00"
"014015","인터피온(1우) ","166500","0","0.00",,,,,"0","0.00"
"033720","인투스 ","3900","20","0.52","310","12.58",,,"0","0.00"
"052290","인프론테크 ","5350","-50","-0.93","451","11.86",,,"0","0.00"
"045470","인피트론 ","4550","100","2.25","127","35.83",,,"0","0.00"
"036420","일간스포츠 ","3940","290","7.95","329","11.98",,,"0","0.00"
"000230","일동제약 ","12350","1600","14.88","2350","5.26",,,"0","0.00"
"033550","일레덱스 ","2750","80","3.00","331","8.31",,,"0","0.00"
"042870","일륭텔레시스 ","2530","30","1.20","523","4.84",,,"0","0.00"
"013360","일성건설 ","1300","0","0.00","76638","0.02",,,"0","0.00"
"003120","일성신약 ","17800","-100","-0.56","5352","3.33",,,"500","2.81"
"003200","일신방직 ","35000","-1000","-2.78","3567","9.81",,,"1500","4.29"
"007110","일신석재 ","1830","110","6.40","305528","0.01",,,"0","0.00"
"007570","일양약품 ","5320","170","3.30","169","31.48",,,"250","4.70"
"007575","일양약품(1우) ","5410","210","4.04",,,,,"300","5.55"
"008530","일은증권 ","6750","100","1.50","940","7.18",,,"500","7.41"
"008500","일정실업 ","18200","-1700","-8.54","6507","2.80",,,"1250","6.87"
"019540","일지테크 ","1510","10","0.67","116","13.02",,,"0","0.00"
"010510","일진 ","1580","65","4.29",,,,,"0","0.00"
"015860","일진전기 ","1290","25","1.98","90","14.33",,,"50","3.88"
"001590","일화모직 ","3780","100","2.72","48","78.75",,,"0","0.00"
"032050","자네트시스템 ","2290","30","1.33","29","78.97",,,"0","0.00"
"043630","자원메디칼 ","4320","-20","-0.46","427","10.12",,,"0","0.00"
"052650","자티전자 ","4240","10","0.24","249","17.03",,,"0","0.00"
"033240","자화전자 ","8500","0","0.00","789","10.77",,,"160","1.88"
"037340","장미디어 ","13600","250","1.87","89","152.81",,,"0","0.00"
"038830","장원엔지니어 ","4180","-20","-0.48","54","77.41",,,"0","0.00"
"035780","재스컴 ","3280","50","1.55","168","19.52",,,"0","0.00"
"009720","전기초자 ","59500","700","1.19","21265","2.80",,,"2000","3.36"
"000950","전방 ","22000","0","0.00","910","24.18",,,"650","2.95"
"006350","전북은행 ","2865","170","6.31","187","15.32",,,"0","0.00"
"042820","전신전자 ","3420","40","1.18","316","10.82",,,"0","0.00"
"033050","정문정보 ","2100","50","2.44","162","12.96",,,"0","0.00"
"056850","정소프트 ","27550","1550","5.96","927","29.72",,,"0","0.00"
"045510","정원엔시스템 ","13250","50","0.38","2259","5.87",,,"0","0.00"
"033100","제룡산업 ","1880","20","1.08","341","5.51",,,"0","0.00"
"032150","제은금고 ","1680","30","1.82",,,,,"0","0.00"
"036760","제이스텍 ","1720","-40","-2.27",,,,,"0","0.00"
"033320","제이씨현 ","2240","110","5.16","324","6.91",,,"0","0.00"
"054790","제이엠피 ","22550","100","0.45","1148","19.64",,,"0","0.00"
"024100","제일금고 ","2580","40","1.57",,,,,"0","0.00"
"030000","제일기획 ","144000","9000","6.67","9087","15.85",,,"1500","1.04"
"001300","제일모직 ","8950","-620","-6.48","1098","8.15",,,"500","5.59"
"002620","제일약품 ","28000","350","1.27","5590","5.01",,,"500","1.79"
"053330","제일엔테크 ","7550","150","2.03",,,,,"0","0.00"
"000110","제일은행 (락)","2645","0","0.00","1562","1.69",,,"0","0.00"
"010820","제일정밀 ","1800","-200","-10.00",,,,,"0","0.00"
"023440","제일제강 ","1480","30","2.07","27","54.81",,,"0","0.00"
"001040","제일제당 ","54500","5000","10.10","2197","24.81",,,"1000","1.83"
"001045","제일제당(1우) ","22500","0","0.00",,,,,"1050","4.67"
"001047","제일제당(2우B) ","23600","1300","5.83",,,,,"0","0.00"
"001049","제일제당(3우B) ","22200","2000","9.90",,,,,"0","0.00"
"026540","제일창투 ","7350","-320","-4.17","1935","3.80",,,"0","0.00"
"038010","제일테크노스 ","11300","500","4.63","425","26.59",,,"0","0.00"
"000610","제일화재 ","2150","140","6.97",,,,,"0","0.00"
"006220","제주은행 ","6160","240","4.05",,,,,"0","0.00"
"038500","젠네트웍스 ","3450","10","0.29","443","7.79",,,"0","0.00"
"044060","조광ILI ","2400","60","2.56","322","7.45",,,"0","0.00"
"004910","조광페인트 ","40300","450","1.13","4794","8.41",,,"750","1.86"
"004700","조광피혁 ","3560","40","1.14","218","16.33",,,"100","2.81"
"001550","조비 ","5890","170","2.97","786","7.49",,,"150","2.55"
"000480","조선내화 ","10500","-100","-0.94","4534","2.32",,,"800","7.62"
"000590","조선선재 ","34700","50","0.14","6719","5.16",,,"600","1.73"
"034940","조아제약 ","9250","50","0.54","152","60.86",,,"0","0.00"
"018470","조일알미늄 ","3875","-155","-3.85",,,,,"0","0.00"
"009380","조일제지 ","4305","205","5.00",,,,,"0","0.00"
"000010","조흥은행 ","4485","345","8.33","149","30.10",,,"0","0.00"
"023460","조흥캐피탈 ","1700","40","2.41","1502","1.13",,,"0","0.00"
"002600","조흥화학 ","39400","0","0.00","23027","1.71",,,"3000","7.61"
"001630","종근당 ","3150","10","0.32","362","8.70",,,"125","3.97"
"063160","종근당바이오 ","8540","210","2.52",,,,,"0","0.00"
"033340","좋은사람들 ","5070","70","1.40","532","9.53",,,"0","0.00"
"036930","주성엔지니어 ","7590","780","11.45","302","25.13",,,"0","0.00"
"030970","주은리스 ","1220","-20","-1.61","92","13.26",,,"0","0.00"
"015110","중앙건설 ","6680","40","0.60","2513","2.66",,,"400","5.99"
"030030","중앙디자인 ","4330","200","4.84","261","16.59",,,"0","0.00"
"015170","중앙바이오텍 ","3350","-50","-1.47","134","25.00",,,"0","0.00"
"000440","중앙석유 ","56000","-1000","-1.75","3758","14.90",,,"0","0.00"
"002880","중앙염색 ","27600","-100","-0.36",,,,,"0","0.00"
"005600","중앙제지 ","3740","285","8.25",,,,,"0","0.00"
"005605","중앙제지(1우B) ","4700","380","8.80",,,,,"0","0.00"
"001060","중외제약 ","8920","220","2.53","1397","6.39",,,"250","2.80"
"001065","중외제약(1우) ","10900","200","1.87",,,,,"300","2.75"
"001067","중외제약(2우B) ","46700","750","1.63",,,,,"0","0.00"
"056080","지나월드 ","9390","1000","11.92","696","13.49",,,"0","0.00"
"013890","지누스 ","11000","300","2.80","643","17.11",,,"250","2.27"
"018290","지엠피 ","1460","30","2.10","143","10.21",,,"0","0.00"
"032790","지이티 ","1010","10","1.00",,,,,"0","0.00"
"010580","지코 ","9100","-100","-1.09",,,,,"0","0.00"
"008400","진도 ","4415","575","14.97",,,,,"0","0.00"
"008405","진도(1우) ","5170","670","14.89",,,,,"0","0.00"
"041320","진두네트워크 ","3410","20","0.59","257","13.27",,,"0","0.00"
"000080","진로 ","3270","90","2.83","9441","0.35",,,"0","0.00"
"000085","진로(1우) ","1690","40","2.42",,,,,"0","0.00"
"018120","진로발효 ","38400","-450","-1.16","5300","7.25",,,"0","0.00"
"005560","진로산업 ","985","-5","-0.51","142","6.94",,,"0","0.00"
"036890","진성티이씨 ","3570","-230","-6.05","426","8.38",,,"0","0.00"
"003780","진양 ","2550","70","2.82","150","17.00",,,"75","2.94"
"007370","진양제약 ","17200","-300","-1.71","4456","3.86",,,"0","0.00"
"051630","진양화학 ","2245","-20","-0.88",,,,,"0","0.00"
"007200","진흥금고 ","2470","270","12.27",,,,,"0","0.00"
"002780","진흥기업 ","2370","30","1.28","69","34.35",,,"0","0.00"
"042960","창민테크 ","13700","100","0.74","669","20.48",,,"0","0.00"
"009680","창원기화기 ","12900","0","0.00","2270","5.68",,,"750","5.81"
"042940","창흥정보통신 ","1270","20","1.60",,,,,"0","0.00"
"004530","천광산업 ","10900","1380","14.50",,,,,"0","0.00"
"000650","천일고속 ","11800","150","1.29","527","22.39",,,"100","0.85"
"001490","천지산업 ","2590","40","1.57","179","14.47",,,"0","0.00"
"011510","청구 ","1170","40","3.54",,,,,"0","0.00"
"035270","청람디지탈 ","4390","40","0.92","387","11.34",,,"0","0.00"
"013720","청보산업 ","3160","20","0.64","288","10.97",,,"0","0.00"
"012410","청호전자통신 ","13200","500","3.94","1473","8.96",,,"500","3.79"
"012600","청호컴넷 ","11150","-200","-1.76","1670","6.68",,,"600","5.38"
"001380","충남방적 ","2505","55","2.24",,,,,"0","0.00"
"001385","충남방적(1우) (락)","231000","0","0.00",,,,,"0","0.00"
"024080","카리스소프트 ","8320","600","7.77","75","110.93",,,"0","0.00"
"016920","카스 ","2380","-10","-0.42","299","7.96",,,"0","0.00"
"005330","카스코 ","1300","10","0.78","237","5.49",,,"0","0.00"
"015390","카이시스 ","23150","1050","4.75","1456","15.90",,,"0","0.00"
"006380","카프로 ","2960","-5","-0.17","379","7.81",,,"250","8.45"
"004620","캠브리지 ","8200","-40","-0.49","3813","2.15",,,"600","7.32"
"011050","케드콤 ","800","20","2.56","8","100.00",,,"0","0.00"
"021090","케미그라스 ","17900","-100","-0.56","2635","6.79",,,"0","0.00"
"029480","케이디씨 ","1640","-10","-0.61","140","11.71",,,"0","0.00"
"027560","케이디엠 ","63900","1100","1.75","2966","21.54",,,"0","0.00"
"032570","케이디이컴 ","1150","70","6.48",,,,,"0","0.00"
"009690","케이디케이 ","2530","55","2.22","102","24.80",,,"0","0.00"
"038460","케이비씨 ","3920","130","3.43","123","31.87",,,"0","0.00"
"052400","케이비티 ","40000","3700","10.19","1000","40.00",,,"0","0.00"
"036670","케이씨아이 ","2860","70","2.51","186","15.38",,,"0","0.00"
"029460","케이씨텍 ","2725","355","14.98","194","14.05",,,"100","3.67"
"007460","케이아이씨 ","5180","-170","-3.18","48","107.92",,,"20","0.39"
"035950","케이알 ","18200","100","0.55","1442","12.62",,,"0","0.00"
"032500","케이엠더블유 ","3960","10","0.25","70","56.57",,,"0","0.00"
"035290","코네스 ","1070","-10","-0.93",,,,,"0","0.00"
"017210","코닉스 ","4060","100","2.53","274","14.82",,,"0","0.00"
"046070","코다코 ","3480","180","5.45","467","7.45",,,"0","0.00"
"041800","코디콤 ","6290","380","6.43","107","58.79",,,"0","0.00"
"046210","코람스틸 ","2100","40","1.94","146","14.38",,,"0","0.00"
"008340","코레스 ","2900","0","0.00","178","16.29",,,"0","0.00"
"027050","코리아나 ","4700","160","3.52","601","7.82",,,"0","0.00"
"037410","코리아링크 ","7190","40","0.56","367","19.59",,,"0","0.00"
"007810","코리아써키트 ","5190","440","9.26","787","6.59",,,"100","1.93"
"007815","코리아써키트(1우) ","2160","125","6.14",,,,,"105","4.86"
"036690","코맥스 ","5100","60","1.19","301","16.94",,,"0","0.00"
"049430","코메론 ","15400","300","1.99","3890","3.96",,,"0","0.00"
"025610","코미트금고 ","3320","155","4.90",,,,,"0","0.00"
"043090","코바이오텍 ","15350","350","2.33","683","22.47",,,"0","0.00"
"036170","코삼 ","2240","240","12.00","320","7.00",,,"0","0.00"
"017160","코스프 ","10000","300","3.09",,,,,"0","0.00"
"039990","코아정보 ","5990","-210","-3.39","378","15.85",,,"0","0.00"
"002020","코오롱 ","6100","10","0.16","292","20.89",,,"300","4.92"
"002025","코오롱(1우) ","3500","-70","-1.96",,,,,"350","10.00"
"002027","코오롱(2우B) ","6600","-100","-1.49",,,,,"500","7.58"
"003070","코오롱건설 ","4020","50","1.26","60","67.00",,,"0","0.00"
"003075","코오롱건설(1우) ","2770","-60","-2.12",,,,,"0","0.00"
"011020","코오롱유화 ","27000","650","2.47","5849","4.62",,,"1000","3.70"
"063510","코오롱인터 ","4255","555","15.00",,,,,"0","0.00"
"063515","코오롱인터(1우) ","9230","1200","14.94",,,,,"0","0.00"
"022520","코오롱정보 ","13000","100","0.78","2141","6.07",,,"0","0.00"
"050050","코웰시스넷 ","3000","70","2.39","250","12.00",,,"0","0.00"
"056360","코위버 ","5760","190","3.41","1044","5.52",,,"0","0.00"
"039530","코코 ","15500","-300","-1.90","484","32.02",,,"0","0.00"
"015710","코콤 ","2810","-40","-1.40","186","15.11",,,"0","0.00"
"052330","코텍 ","7980","-50","-0.62","545","14.64",,,"0","0.00"
"031820","콤텍시스템 ","2205","125","6.01","145","15.21",,,"40","1.81"
"015260","큐엔텍코리아 ","1515","25","1.68","141","10.74",,,"25","1.65"
"005740","크라운제과 (락)","17400","0","0.00","79","220.25",,,"150","0.86"
"005745","크라운제과(1우) (락)","8630","0","0.00",,,,,"200","2.32"
"043590","크로바하이텍 ","2270","240","11.82","211","10.76",,,"0","0.00"
"045520","크린앤사이언 ","2340","110","4.93","255","9.18",,,"0","0.00"
"033640","크린크레티브 ","1700","120","7.59","70","24.29",,,"0","0.00"
"055250","키이 ","4840","250","5.45","533","9.08",,,"0","0.00"
"046930","타임 ","8290","90","1.10","2282","3.63",,,"0","0.00"
"039350","타프시스템 ","8450","150","1.81","862","9.80",,,"0","0.00"
"015890","태경산업 ","1460","10","0.69","208","7.02",,,"100","6.85"
"006890","태경화학 ","20300","0","0.00","2371","8.56",,,"0","0.00"
"023160","태광 ","5230","-270","-4.91","48","108.96",,,"0","0.00"
"003240","태광산업 ","168000","2000","1.20","33417","5.03",,,"1750","1.04"
"048140","태광이엔시 ","3780","-10","-0.26","375","10.08",,,"0","0.00"
"011280","태림포장 ","4085","195","5.01","270","15.13",,,"250","6.12"
"036210","태산엘시디 ","6880","730","11.87","930","7.40",,,"0","0.00"
"009310","태성기공 (락)","1955","0","0.00",,,,,"0","0.00"
"004100","태양금속 ","4190","110","2.70",,,,,"0","0.00"
"004105","태양금속(1우) ","3245","0","0.00",,,,,"0","0.00"
"053620","태양산업 ","4680","0","0.00","894","5.23",,,"0","0.00"
"009410","태영 ","37600","-1900","-4.81","5347","7.03",,,"750","1.99"
"009415","태영(1우) ","15700","-50","-0.32",,,,,"800","5.10"
"044490","태웅 ","25500","-750","-2.86","3130","8.15",,,"0","0.00"
"001420","태원물산 ","22950","1550","7.24",,,,,"0","0.00"
"043200","태인테크 ","2320","30","1.31","159","14.59",,,"0","0.00"
"032540","태진미디어 ","3680","350","10.51","436","8.44",,,"0","0.00"
"008540","태창 ","2960","-5","-0.17",,,,,"0","0.00"
"007490","태창기업 ","14800","0","0.00","2171","6.82",,,"750","5.07"
"002790","태평양 ","136500","4500","3.41","10173","13.42",,,"950","0.70"
"002795","태평양(1우) ","48900","1400","2.95",,,,,"1000","2.04"
"007980","태평양물산 ","9500","-160","-1.66","2299","4.13",,,"600","6.32"
"009080","태평양산업 ","12100","300","2.54","1588","7.62",,,"250","2.07"
"009085","태평양산업(1우) ","12800","800","6.67",,,,,"300","2.34"
"016570","태평양제약 ","13950","350","2.57","1443","9.67",,,"450","3.23"
"016575","태평양제약(1우) ","11900","50","0.42",,,,,"500","4.20"
"036900","택산아이엔씨 ","18300","300","1.67","870","21.03",,,"0","0.00"
"032420","터보테크 ","2510","70","2.87",,,,,"0","0.00"
"032780","테라 ","1500","40","2.74",,,,,"0","0.00"
"048510","테스텍 ","4330","460","11.89","321","13.49",,,"0","0.00"
"053950","테코스 ","2860","60","2.14","231","12.38",,,"0","0.00"
"036830","테크노세미켐 ","8000","190","2.43","999","8.01",,,"0","0.00"
"043690","테크메이트 ","5360","90","1.71","381","14.07",,,"0","0.00"
"021040","테크원 ","950","100","11.76","172","5.52",,,"0","0.00"
"021045","테크원우 ","3130","-420","-11.83",,,,,"0","0.00"
"038540","텍셀 ","1900","20","1.06","138","13.77",,,"0","0.00"
"036840","텍슨 ","3810","-90","-2.31","148","25.74",,,"0","0.00"
"043220","텔넷아이티 ","6400","30","0.47","418","15.31",,,"0","0.00"
"027350","텔슨전자 ","5850","30","0.52","240","24.38",,,"0","0.00"
"018180","텔슨정보통신 ","1430","60","4.38","139","10.29",,,"0","0.00"
"003570","통일중공업 ","680","40","6.25","29253","0.02",,,"0","0.00"
"026150","특수건설 ","2630","0","0.00","366","7.19",,,"0","0.00"
"012400","티비케이 ","670","40","6.35",,,,,"0","0.00"
"012405","티비케이(1우) ","1665","85","5.38",,,,,"0","0.00"
"033540","파라텍 ","27400","1200","4.58","957","28.63",,,"0","0.00"
"037070","파세코 ","3650","20","0.55","694","5.26",,,"0","0.00"
"037030","파워넷 ","2420","50","2.11","426","5.68",,,"0","0.00"
"039230","파이컴 ","6040","-60","-0.98","323","18.70",,,"0","0.00"
"049120","파인디앤씨 ","11900","500","4.39","478","24.90",,,"0","0.00"
"038950","파인디지털 ","4200","110","2.69","410","10.24",,,"0","0.00"
"009320","파츠닉 ","2390","50","2.14","113","21.15",,,"0","0.00"
"025930","팬택 ","7940","460","6.15",,,,,"0","0.00"
"016800","퍼시스 ","42000","-1000","-2.33","7019","5.98",,,"1500","3.57"
"007660","페타시스 ","2500","10","0.40","556","4.50",,,"0","0.00"
"010770","평화산업 ","2185","55","2.58","160","13.66",,,"60","2.75"
"054010","평화일렉콤 ","4950","-100","-1.98","304","16.28",,,"0","0.00"
"043370","평화정공 ","3750","50","1.35","681","5.51",,,"0","0.00"
"030390","포레스코 ","3320","120","3.75","40","83.00",,,"0","0.00"
"025000","포리올 ","19600","300","1.55","4407","4.45",,,"1000","5.10"
"022100","포스데이타 ","17800","-200","-1.11","2592","6.87",,,"0","0.00"
"003670","포스렉 ","8200","0","0.00","1318","6.22",,,"0","0.00"
"036920","포커스 ","1970","50","2.60","192","10.26",,,"0","0.00"
"005490","포항제철 ","122000","0","0.00","19170","6.36",,,"2500","2.05"
"005670","푸드웰 ","23650","-250","-1.05","1401","16.88",,,"0","0.00"
"007330","푸른신금 ","11300","100","0.89","781","14.47",,,"0","0.00"
"017810","풀무원 ","21800","600","2.83","1071","20.35",,,"250","1.15"
"023900","풍국주정 ","86100","-2600","-2.93","7265","11.85",,,"0","0.00"
"001310","풍림산업 ","3730","120","3.32","169","22.07",,,"0","0.00"
"005810","풍산 ","9090","50","0.55","2209","4.11",,,"600","6.60"
"024850","풍산마이크로 ","1670","120","7.74","178","9.38",,,"0","0.00"
"039860","퓨쳐시스템 ","12250","350","2.94","525","23.33",,,"0","0.00"
"038120","프로소닉 ","3050","320","11.72","316","9.65",,,"0","0.00"
"030350","프로칩스 (락)","430","0","0.00",,,,,"0","0.00"
"053610","프로텍 ","3280","240","7.89","701","4.68",,,"0","0.00"
"053160","프리엠스 ","3710","0","0.00","269","13.79",,,"0","0.00"
"035870","프리챌홀딩스 ","1300","40","3.17","178","7.30",,,"0","0.00"
"031980","피에스케이 ","3150","250","8.62","177","17.80",,,"0","0.00"
"002230","피에스텍 ","2500","0","0.00","202","12.38",,,"0","0.00"
"058820","피엠케이 ","1430","10","0.70",,,,,"0","0.00"
"006140","피제이전자 ","34150","-2800","-7.58","7264","4.70",,,"0","0.00"
"039870","피케이엘 ","36100","1300","3.74","1872","19.28",,,"0","0.00"
"039580","피코소프트 ","5950","250","4.39","165","36.06",,,"0","0.00"
"033180","필룩스 ","2080","0","0.00","241","8.63",,,"55","2.64"
"033290","필코전자 ","2020","70","3.59","315","6.41",,,"0","0.00"
"033630","하나로통신 ","5200","210","4.21",,,,,"0","0.00"
"007360","하나은행 ","17450","550","3.25","119","146.64",,,"200","1.15"
"003330","하나증권 ","7800","120","1.56","1985","3.93",,,"1500","19.23"
"003335","하나증권(1우) ","6850","230","3.47",,,,,"1550","22.63"
"039130","하나투어 ","5600","220","4.09","908","6.17",,,"0","0.00"
"024660","하림 ","1560","20","1.30","70","22.29",,,"0","0.00"
"000660","하이닉스 ","2780","360","14.88",,,,,"0","0.00"
"013030","하이록코리아 ","3500","270","8.36","329","10.64",,,"0","0.00"
"052350","하이켐텍 ","7700","-690","-8.22","236","32.63",,,"0","0.00"
"048540","하이콤정보 ","6400","30","0.47","283","22.61",,,"0","0.00"
"019490","하이트론 ","12100","100","0.83","2095","5.78",,,"325","2.69"
"000140","하이트맥주 ","58500","4700","8.74","5477","10.68",,,"800","1.37"
"000145","하이트맥주(1우) ","17100","350","2.09",,,,,"850","4.97"
"000149","하이트맥주(3우B) (락)","0","0","0.00",,,,,"350","0.00"
"043680","하이퍼정보 ","4630","-140","-2.94","157","29.49",,,"0","0.00"
"045260","하이홈 ","1980","50","2.59","59","33.56",,,"0","0.00"
"044780","한광 ","1870","-130","-6.50","192","9.74",,,"0","0.00"
"004590","한국가구 ","8030","200","2.55","703","11.42",,,"0","0.00"
"036460","한국가스공사 ","17100","-250","-1.44","1289","13.27",,,"900","5.26"
"005430","한국공항 ","7740","330","4.45","1037","7.46",,,"500","6.46"
"004820","한국금속 ","2450","-50","-2.00",,,,,"0","0.00"
"019550","한국기술투자 ","1380","50","3.76","899","1.54",,,"0","0.00"
"010040","한국내화 ","1405","10","0.72","54","26.02",,,"50","3.56"
"025540","한국단자 ","11100","-300","-2.63","1942","5.72",,,"200","1.80"
"032600","한국디지탈 ","1100","0","0.00",,,,,"0","0.00"
"041960","한국미생물 ","8050","100","1.26","192","41.93",,,"0","0.00"
"024120","한국베랄 ","5550","20","0.36","215","25.81",,,"0","0.00"
"024880","한국볼트 ","2190","10","0.46",,,,,"0","0.00"
"004090","한국석유 ","14550","0","0.00","2107","6.91",,,"500","3.44"
"025550","한국선재 ","1160","20","1.75","247","4.70",,,"0","0.00"
"024840","한국성산 ","2260","-30","-1.31","297","7.61",,,"0","0.00"
"002960","한국쉘석유 ","24250","-650","-2.61","6438","3.77",,,"2450","10.10"
"044370","한국아스텐 ","12150","1200","10.96","90","135.00",,,"0","0.00"
"017890","한국알콜 ","34000","1000","3.03","1146","29.67",,,"0","0.00"
"045050","한국와콤전자 ","51900","900","1.76","3263","15.91",,,"0","0.00"
"002000","한국유리 ","18700","700","3.89","2030","9.21",,,"600","3.21"
"002005","한국유리(1우) ","8900","80","0.91",,,,,"650","7.30"
"015760","한국전력 ","22850","1150","5.30","2806","8.14",,,"600","2.63"
"023890","한국전지 ","1990","110","5.85","656","3.03",,,"0","0.00"
"039740","한국정보공학 ","11550","50","0.43","918","12.58",,,"0","0.00"
"025770","한국정보통신 ","15400","-100","-0.65","100","154.00",,,"0","0.00"
"002300","한국제지 ","18450","1000","5.73","237","77.85",,,"400","2.17"
"025890","한국주강 ","17500","-800","-4.37",,,,,"0","0.00"
"000970","한국주철관 ","2300","0","0.00","339","6.78",,,"195","8.48"
"019660","한국창투 ","4970","-130","-2.55",,,,,"0","0.00"
"001940","한국철강 ","5870","60","1.03",,,,,"350","5.96"
"017960","한국카본 ","2120","30","1.44","308","6.88",,,"50","2.36"
"023760","한국캐피탈 ","4000","420","11.73",,,,,"0","0.00"
"009760","한국컴퓨터 ","19500","200","1.04","9084","2.15",,,"400","2.05"
"010150","한국코아 ","5100","70","1.39","1129","4.52",,,"150","2.94"
"009440","한국코트렐 ","5460","80","1.49",,,,,"0","0.00"
"024720","한국콜마 ","2830","20","0.71","374","7.57",,,"0","0.00"
"000240","한국타이어 ","2490","20","0.81","160","15.56",,,"60","2.41"
"034830","한국토지신탁 ","1180","30","2.61","98","12.04",,,"0","0.00"
"030200","한국통신공사 ","52200","2250","4.50","3236","16.13",,,"600","1.15"
"007280","한국특수형강 ","9550","280","3.02","6381","1.50",,,"500","5.24"
"005420","한국티타늄 ","2770","-30","-1.07","48644","0.06",,,"0","0.00"
"037230","한국팩키지 ","5720","-60","-1.04","728","7.86",,,"0","0.00"
"010640","한국폴리 ","6310","-120","-1.87","1140","5.54",,,"350","5.55"
"010100","한국프랜지 ","9660","-30","-0.31","2304","4.19",,,"500","5.18"
"040180","한국하이네트 ","3780","0","0.00","259","14.59",,,"0","0.00"
"025830","한국합섬 ","415","15","3.75","110","3.77",,,"25","6.02"
"003350","한국화장품 ","1620","0","0.00",,,,,"15","0.93"
"030520","한글과컴퓨터 ","3420","30","0.88",,,,,"0","0.00"
"052600","한네트 ","7840","40","0.51","585","13.40",,,"0","0.00"
"052270","한단정보통신 ","89500","-1900","-2.08","4825","18.55",,,"0","0.00"
"002390","한독약품 ","35500","900","2.60","3316","10.71",,,"1250","3.52"
"014790","한라건설 ","4700","-50","-1.05","811","5.80",,,"300","6.38"
"018880","한라공조 ","36300","300","0.83","5676","6.40",,,"575","1.58"
"021060","한림창투 ","6310","-860","-11.99","2234","2.82",,,"0","0.00"
"025450","한마음신금 ","5150","0","0.00",,,,,"0","0.00"
"008930","한미약품 ","12700","-150","-1.17","1850","6.86",,,"125","0.98"
"016830","한미은행 ","12350","400","3.35",,,,,"0","0.00"
"01683C","한미은행(6우B) ","9700","50","0.52",,,,,"0","0.00"
"021080","한미창투 ","660","20","3.13","437","1.51",,,"0","0.00"
"021960","한미캐피탈 ","1120","20","1.82","592","1.89",,,"0","0.00"
"016550","한별텔레콤 ","805","105","15.00",,,,,"0","0.00"
"016555","한별텔레콤(1우) ","3690","290","8.53",,,,,"0","0.00"
"001920","한보철강 ","2400","-50","-2.04",,,,,"0","0.00"
"012420","한불종금 ","2000","10","0.50",,,,,"0","0.00"
"036720","한빛네트 ","3080","80","2.67","126","24.44",,,"0","0.00"
"043890","한빛아이앤비 ","14150","400","2.91","586","24.15",,,"0","0.00"
"018020","한빛여신 ","460","60","15.00",,,,,"0","0.00"
"000030","한빛은행 (락)","865","0","0.00",,,,,"0","0.00"
"044570","한빛전자통신 ","2800","0","0.00","132","21.21",,,"0","0.00"
"001280","한빛증권 ","5800","210","3.76","673","8.62",,,"600","10.34"
"020000","한섬 ","7430","-120","-1.59","1348","5.51",,,"75","1.01"
"003680","한성기업 ","5410","40","0.74","118","45.85",,,"0","0.00"
"036280","한성에코넷 ","1720","80","4.88",,,,,"0","0.00"
"037950","한성엘컴텍 ","4050","-150","-3.57","392","10.33",,,"0","0.00"
"016450","한세실업 ","10000","0","0.00","2898","3.45",,,"600","6.00"
"009180","한솔CSN ","2330","210","9.91",,,,,"0","0.00"
"007640","한솔신금 ","1850","60","3.35",,,,,"0","0.00"
"004710","한솔전자 ","5520","710","14.76","480","11.50",,,"0","0.00"
"004150","한솔제지 ","4700","315","7.18","450","10.44",,,"400","8.51"
"004155","한솔제지(1우) ","3450","30","0.88",,,,,"450","13.04"
"025340","한솔창투 ","3390","20","0.59","1520","2.23",,,"0","0.00"
"014680","한솔케미언스 ","3500","0","0.00","309","11.33",,,"0","0.00"
"010420","한솔텔레컴 ","3470","280","8.78","128","27.11",,,"0","0.00"
"004960","한신공영 ","740","30","4.23",,,,,"0","0.00"
"004965","한신공영(1우) ","3240","240","8.00",,,,,"0","0.00"
"011700","한신기계 ","4630","25","0.54","356","13.01",,,"0","0.00"
"037120","한신코퍼 ","3030","60","2.02","226","13.41",,,"0","0.00"
"030190","한신평정보 ","11000","-150","-1.35","1050","10.48",,,"0","0.00"
"036020","한아시스템 ","2140","80","3.88","125","17.12",,,"0","0.00"
"045100","한양이엔지 ","2540","150","6.28","436","5.83",,,"0","0.00"
"001750","한양증권 ","4410","110","2.56","1115","3.96",,,"350","7.94"
"001755","한양증권(1우) ","4420","125","2.91",,,,,"400","9.05"
"019260","한올 ","1730","40","2.37","183","9.45",,,"0","0.00"
"009420","한올제약 ","10350","50","0.49","1843","5.62",,,"400","3.86"
"037110","한원마이크로 ","10800","350","3.35","1801","6.00",,,"0","0.00"
"014130","한익스프레스 ","4950","50","1.02","629","7.87",,,"0","0.00"
"022610","한일 ","31000","500","1.64",,,,,"0","0.00"
"006440","한일건설 ","3520","20","0.57","484","7.27",,,"300","8.52"
"024740","한일단조 ","56000","-1400","-2.44","310","180.65",,,"0","0.00"
"005860","한일사료 ","810","30","3.85","32","25.31",,,"0","0.00"
"003300","한일시멘트 ","28500","0","0.00","3370","8.46",,,"700","2.46"
"003040","한일약품 ","2600","0","0.00",,,,,"0","0.00"
"007860","한일이화 ","1370","-20","-1.44","117","11.71",,,"50","3.65"
"002220","한일철강 ","8740","-260","-2.89","1860","4.70",,,"750","8.58"
"003980","한일합섬 ","640","10","1.59","69070","0.01",,,"0","0.00"
"003985","한일합섬(1우) ","1410","-25","-1.74",,,,,"0","0.00"
"007770","한일화학 ","84700","-1100","-1.28","13604","6.23",,,"0","0.00"
"002320","한진 ","8500","100","1.19","564","15.07",,,"400","4.71"
"003480","한진중공업 ","2885","-5","-0.17","168","17.17",,,"350","12.13"
"000700","한진해운 ","3930","50","1.29",,,,,"500","12.72"
"005110","한창 ","1730","30","1.76","133","13.01",,,"0","0.00"
"009460","한창제지 ","2850","140","5.17","756","3.77",,,"0","0.00"
"041940","한텔 ","14400","600","4.35","2634","5.47",,,"0","0.00"
"036030","한통하이텔 ","5380","30","0.56","27","199.26",,,"0","0.00"
"008440","한트라 ","610","10","1.67",,,,,"0","0.00"
"000880","한화 ","2800","50","1.82","1511","1.85",,,"300","10.71"
"000885","한화(1우) ","3200","40","1.27",,,,,"350","10.94"
"000887","한화(2우B) ","12650","50","0.40",,,,,"300","2.37"
"009830","한화석화 ","3990","70","1.79","228","17.50",,,"0","0.00"
"009835","한화석화(1우) ","2290","25","1.10",,,,,"0","0.00"
"009837","한화석화(2우B) ","4715","15","0.32",,,,,"0","0.00"
"003530","한화증권 ","5480","180","3.40",,,,,"0","0.00"
"003535","한화증권(1우) ","4595","95","2.11",,,,,"0","0.00"
"036640","해룡실리콘 ","2880","-20","-0.69","231","12.47",,,"0","0.00"
"034810","해성산업 ","2750","-20","-0.72","211","13.03",,,"0","0.00"
"037380","해외무역 ","10950","-50","-0.45","1285","8.52",,,"0","0.00"
"003900","해태유업 ","1600","100","6.67",,,,,"0","0.00"
"003905","해태유업(1우) ","1990","50","2.58",,,,,"0","0.00"
"010090","해태유통 ","1280","105","8.94","450847",,,,"0","0.00"
"010095","해태유통(1우B) (락)","0","0","0.00",,,,,"0","0.00"
"015540","핵심텔레텍 ","4290","-20","-0.46",,,,,"0","0.00"
"015545","핵심텔레텍(1우) ","67000","0","0.00",,,,,"0","0.00"
"032380","핸디소프트 ","10500","50","0.48","377","27.85",,,"0","0.00"
"008800","행남자기 ","3350","30","0.90","129","25.97",,,"0","0.00"
"016510","현대DSF ","3980","135","3.51","891","4.47",,,"400","10.05"
"000720","현대건설 ","3330","80","2.46",,,,,"0","0.00"
"000725","현대건설(1우) ","4580","-20","-0.43",,,,,"0","0.00"
"018410","현대금속 ","1675","215","14.73",,,,,"0","0.00"
"018415","현대금속(1우) ","3930","510","14.91",,,,,"0","0.00"
"035480","현대디지탈텍 ","4200","10","0.24","228","18.42",,,"0","0.00"
"035910","현대멀티캡 ","1280","50","4.07","368","3.48",,,"0","0.00"
"035917","현대멀티캡2우 ","7210","470","6.97",,,,,"0","0.00"
"035919","현대멀티캡3우 ","5000","-240","-4.58",,,,,"0","0.00"
"035915","현대멀티캡우 ","22700","100","0.44",,,,,"0","0.00"
"012330","현대모비스 ","19450","550","2.91","1433","13.57",,,"500","2.57"
"012335","현대모비스(1우) ","24600","0","0.00",,,,,"550","2.24"
"012337","현대모비스(2우B) ","94900","-1100","-1.15",,,,,"0","0.00"
"010620","현대미포조선 ","7420","20","0.27","645","11.50",,,"750","10.11"
"005440","현대백화점 ","32850","4250","14.86","3284","10.00",,,"750","2.28"
"012630","현대산업 ","8170","190","2.38","568","14.38",,,"300","3.67"
"011760","현대상사 ","1625","35","2.20",,,,,"0","0.00"
"011200","현대상선 ","2680","190","7.63",,,,,"0","0.00"
"006390","현대시멘트 ","9920","-580","-5.52",,,,,"700","7.06"
"004310","현대약품 ","11850","150","1.28","1944","6.10",,,"100","0.84"
"017800","현대엘리베이 ","9250","0","0.00","2031","4.55",,,"500","5.41"
"026180","현대정보기술 ","5420","30","0.56","161","33.66",,,"0","0.00"
"009540","현대중공업 ","25300","0","0.00","238","106.30",,,"1000","3.95"
"003450","현대증권 ","13450","300","2.28",,,,,"0","0.00"
"005380","현대차 ","28500","1600","5.95","3140","9.08",,,"600","2.11"
"005385","현대차(1우) ","9780","-50","-0.51",,,,,"650","6.65"
"005387","현대차(2우B) ","9300","100","1.09",,,,,"600","6.45"
"005389","현대차(3우B) ","8930","30","0.34",,,,,"550","6.16"
"039010","현대통신 ","1620","0","0.00","169","9.59",,,"0","0.00"
"011720","현대페인트 ","1800","70","4.05",,,,,"0","0.00"
"010520","현대하이스코 ","4330","0","0.00",,,,,"0","0.00"
"001450","현대해상 ","35500","2600","7.90",,,,,"0","0.00"
"038960","현주컴퓨터 ","1820","110","6.43","70","26.00",,,"0","0.00"
"003010","혜인 ","1745","20","1.16","46","37.93",,,"25","1.43"
"011170","호남석유 ","17500","-100","-0.57","1094","16.00",,,"350","2.00"
"013450","호성케멕스 ","9630","-40","-0.41","1183","8.14",,,"0","0.00"
"037020","호스텍글로벌 ","1620","60","3.85",,,,,"0","0.00"
"016040","호신섬유 ","66700","2200","3.41","9358","7.13",,,"0","0.00"
"008770","호텔신라 ","9290","790","9.29","382","24.32",,,"250","2.69"
"008775","호텔신라(1우) ","8220","430","5.52",,,,,"300","3.65"
"045920","화림모드 ","22200","2300","11.56","2153","10.31",,,"0","0.00"
"039610","화성 ","5090","-80","-1.55","529","9.62",,,"0","0.00"
"002460","화성산업 ","4280","300","7.54","561","7.63",,,"0","0.00"
"013520","화승알앤에이 ","7300","20","0.27","2095","3.48",,,"500","6.85"
"006060","화승인더 ","9900","420","4.43","2246","4.41",,,"350","3.54"
"010690","화신 ","1195","10","0.84","176","6.79",,,"75","6.28"
"038520","화인썬트로닉 ","3910","-10","-0.26","362","10.80",,,"0","0.00"
"025850","화인케미칼 ","18450","-50","-0.27","4113","4.49",,,"1000","5.42"
"033500","화인텍 ","2980","-50","-1.65","475","6.27",,,"0","0.00"
"010660","화천기계 ","6150","200","3.36","1042","5.90",,,"500","8.13"
"000850","화천기공 ","7590","-90","-1.17","1840","4.13",,,"1000","13.18"
"036590","환경비젼21 ","13550","350","2.65","388","34.92",,,"0","0.00"
"012670","환영철강 ","1900","-100","-5.00",,,,,"0","0.00"
"016580","환인제약 ","21900","-250","-1.13","3950","5.54",,,"750","3.42"
"032560","황금에스티 ","2710","50","1.88","263","10.30",,,"0","0.00"
"004800","효성 ","13950","0","0.00","1965","7.10",,,"150","1.08"
"000040","효성기계 (락)","460","0","0.00",,,,,"0","0.00"
"004870","휴넥스 ","1070","65","6.47",,,,,"0","0.00"
"005870","휴니드 ","1200","155","14.83",,,,,"0","0.00"
"009790","휴닉스 ","2080","75","3.74",,,,,"0","0.00"
"009795","휴닉스(1우) ","3050","75","2.52",,,,,"0","0.00"
"028080","휴맥스 ","32400","650","2.05","1503","21.56",,,"0","0.00"
"013630","휴먼이노텍 ","480","50","11.63",,,,,"0","0.00"
"013635","휴먼이노텍우 ","840","90","12.00",,,,,"0","0.00"
"036660","휴먼컴 ","1720","60","3.61","132","13.03",,,"0","0.00"
"024060","흥구석유 ","232000","0","0.00","17101","13.57",,,"0","0.00"
"005720","흥아타이어 ","11250","400","3.69","824","13.65",,,"300","2.67"
"005725","흥아타이어(1우) ","6700","290","4.52",,,,,"350","5.22"
"003280","흥아해운 ","6000","370","6.57",,,,,"0","0.00"
"007630","흥창 ","2550","330","14.86","2290","1.11",,,"500","19.61"
"037440","희림 ","17000","0","0.00","3254","5.22",,,"0","0.00"
"000500","희성전선 ","6380","-30","-0.47","1081","5.90",,,"400","6.27"
"019640","희훈 ","1300","130","11.11","82","15.85",,,"0","0.00"